Test-BSN 1;000000012;;;;
Test-BSN 2;000000024;;;;
Test-BSN 3;000000036;;;;
Test-BSN 4;000000048;;;;
Test-BSN 5;000000061;;;;
Test-BSN 6;000000073;;;;
Test-BSN 7;000000085;;;;
Test-BSN 8;000000097;;;;
Test-BSN 9;000000103;;;;
Test-BSN 10;000000115;;;;
Test-BSN 11;000000127;;;;
Test-BSN 12;000000139;;;;
Test-BSN 13;000000140;;;;
Test-BSN 14;000000152;;;;
Test-BSN 15;000000164;;;;
Test-BSN 16;000000176;;;;
Test-BSN 17;000000188;;;;
Test-BSN 18;000000206;;;;
Test-BSN 19;000000218;;;;
Test-BSN 20;000000231;;;;
Test-BSN 21;000000243;;;;
Test-BSN 22;000000255;;;;
Test-BSN 23;000000267;;;;
Test-BSN 24;000000279;;;;
Test-BSN 25;000000280;;;;
Test-BSN 26;000000292;;;;
Test-BSN 27;000000309;;;;
Test-BSN 28;000000310;;;;
Test-BSN 29;000000322;;;;
Test-BSN 30;000000334;;;;
Test-BSN 31;000000346;;;;
Test-BSN 32;000000358;;;;
Test-BSN 33;000000371;;;;
Test-BSN 34;000000383;;;;
Test-BSN 35;000000395;;;;
Test-BSN 36;000000401;;;;
Test-BSN 37;000000413;;;;
Test-BSN 38;000000425;;;;
Test-BSN 39;000000437;;;;
Test-BSN 40;000000449;;;;
Test-BSN 41;000000450;;;;
Test-BSN 42;000000462;;;;
Test-BSN 43;000000474;;;;
Test-BSN 44;000000486;;;;
Test-BSN 45;000000498;;;;
Test-BSN 46;000000504;;;;
Test-BSN 47;000000516;;;;
Test-BSN 48;000000528;;;;
Test-BSN 49;000000541;;;;
Test-BSN 50;000000553;;;;
Test-BSN 51;000000565;;;;
Test-BSN 52;000000577;;;;
Test-BSN 53;000000589;;;;
Test-BSN 54;000000590;;;;
Test-BSN 55;000000607;;;;
Test-BSN 56;000000619;;;;
Test-BSN 57;000000620;;;;
Test-BSN 58;000000632;;;;
Test-BSN 59;000000644;;;;
Test-BSN 60;000000656;;;;
Test-BSN 61;000000668;;;;
Test-BSN 62;000000681;;;;
Test-BSN 63;000000693;;;;
Test-BSN 64;000000711;;;;
Test-BSN 65;000000723;;;;
Test-BSN 66;000000735;;;;
Test-BSN 67;000000747;;;;
Test-BSN 68;000000759;;;;
Test-BSN 69;000000760;;;;
Test-BSN 70;000000772;;;;
Test-BSN 71;000000784;;;;
Test-BSN 72;000000796;;;;
Test-BSN 73;000000802;;;;
Test-BSN 74;000000814;;;;
Test-BSN 75;000000826;;;;
Test-BSN 76;000000838;;;;
Test-BSN 77;000000851;;;;
Test-BSN 78;000000863;;;;
Test-BSN 79;000000875;;;;
Test-BSN 80;000000887;;;;
Test-BSN 81;000000899;;;;
Test-BSN 82;000000905;;;;
Test-BSN 83;000000917;;;;
Test-BSN 84;000000929;;;;
Test-BSN 85;000000930;;;;
Test-BSN 86;000000942;;;;
Test-BSN 87;000000954;;;;
Test-BSN 88;000000966;;;;
Test-BSN 89;000000978;;;;
Test-BSN 90;000000991;;;;
Test-BSN 91;000001004;;;;
Test-BSN 92;000001016;;;;
Test-BSN 93;000001028;;;;
Test-BSN 94;000001041;;;;
Test-BSN 95;000001053;;;;
Test-BSN 96;000001065;;;;
Test-BSN 97;000001077;;;;
Test-BSN 98;000001089;;;;
Test-BSN 99;000001090;;;;
Test-BSN 100;000001107;;;;
Test-BSN 101;000001119;;;;
Test-BSN 102;000001120;;;;
Test-BSN 103;000001132;;;;
Test-BSN 104;000001144;;;;
Test-BSN 105;000001156;;;;
Test-BSN 106;000001168;;;;
Test-BSN 107;000001181;;;;
Test-BSN 108;000001193;;;;
Test-BSN 109;000001211;;;;
Test-BSN 110;000001223;;;;
Test-BSN 111;000001235;;;;
Test-BSN 112;000001247;;;;
Test-BSN 113;000001259;;;;
Test-BSN 114;000001260;;;;
Test-BSN 115;000001272;;;;
Test-BSN 116;000001284;;;;
Test-BSN 117;000001296;;;;
Test-BSN 118;000001302;;;;
Test-BSN 119;000001314;;;;
Test-BSN 120;000001326;;;;
Test-BSN 121;000001338;;;;
Test-BSN 122;000001351;;;;
Test-BSN 123;000001363;;;;
Test-BSN 124;000001375;;;;
Test-BSN 125;000001387;;;;
Test-BSN 126;000001399;;;;
Test-BSN 127;000001405;;;;
Test-BSN 128;000001417;;;;
Test-BSN 129;000001429;;;;
Test-BSN 130;000001430;;;;
Test-BSN 131;000001442;;;;
Test-BSN 132;000001454;;;;
Test-BSN 133;000001466;;;;
Test-BSN 134;000001478;;;;
Test-BSN 135;000001491;;;;
Test-BSN 136;000001508;;;;
Test-BSN 137;000001521;;;;
Test-BSN 138;000001533;;;;
Test-BSN 139;000001545;;;;
Test-BSN 140;000001557;;;;
Test-BSN 141;000001569;;;;
Test-BSN 142;000001570;;;;
Test-BSN 143;000001582;;;;
Test-BSN 144;000001594;;;;
Test-BSN 145;000001600;;;;
Test-BSN 146;000001612;;;;
Test-BSN 147;000001624;;;;
Test-BSN 148;000001636;;;;
Test-BSN 149;000001648;;;;
Test-BSN 150;000001661;;;;
Test-BSN 151;000001673;;;;
Test-BSN 152;000001685;;;;
Test-BSN 153;000001697;;;;
Test-BSN 154;000001703;;;;
Test-BSN 155;000001715;;;;
Test-BSN 156;000001727;;;;
Test-BSN 157;000001739;;;;
Test-BSN 158;000001740;;;;
Test-BSN 159;000001752;;;;
Test-BSN 160;000001764;;;;
Test-BSN 161;000001776;;;;
Test-BSN 162;000001788;;;;
Test-BSN 163;000001806;;;;
Test-BSN 164;000001818;;;;
Test-BSN 165;000001831;;;;
Test-BSN 166;000001843;;;;
Test-BSN 167;000001855;;;;
Test-BSN 168;000001867;;;;
Test-BSN 169;000001879;;;;
Test-BSN 170;000001880;;;;
Test-BSN 171;000001892;;;;
Test-BSN 172;000001909;;;;
Test-BSN 173;000001910;;;;
Test-BSN 174;000001922;;;;
Test-BSN 175;000001934;;;;
Test-BSN 176;000001946;;;;
Test-BSN 177;000001958;;;;
Test-BSN 178;000001971;;;;
Test-BSN 179;000001983;;;;
Test-BSN 180;000001995;;;;
Test-BSN 181;000002008;;;;
Test-BSN 182;000002021;;;;
Test-BSN 183;000002033;;;;
Test-BSN 184;000002045;;;;
Test-BSN 185;000002057;;;;
Test-BSN 186;000002069;;;;
Test-BSN 187;000002070;;;;
Test-BSN 188;000002082;;;;
Test-BSN 189;000002094;;;;
Test-BSN 190;000002100;;;;
Test-BSN 191;000002112;;;;
Test-BSN 192;000002124;;;;
Test-BSN 193;000002136;;;;
Test-BSN 194;000002148;;;;
Test-BSN 195;000002161;;;;
Test-BSN 196;000002173;;;;
Test-BSN 197;000002185;;;;
Test-BSN 198;000002197;;;;
Test-BSN 199;000002203;;;;
Test-BSN 200;000002215;;;;
Test-BSN 201;000002227;;;;
Test-BSN 202;000002239;;;;
Test-BSN 203;000002240;;;;
Test-BSN 204;000002252;;;;
Test-BSN 205;000002264;;;;
Test-BSN 206;000002276;;;;
Test-BSN 207;000002288;;;;
Test-BSN 208;000002306;;;;
Test-BSN 209;000002318;;;;
Test-BSN 210;000002331;;;;
Test-BSN 211;000002343;;;;
Test-BSN 212;000002355;;;;
Test-BSN 213;000002367;;;;
Test-BSN 214;000002379;;;;
Test-BSN 215;000002380;;;;
Test-BSN 216;000002392;;;;
Test-BSN 217;000002409;;;;
Test-BSN 218;000002410;;;;
Test-BSN 219;000002422;;;;
Test-BSN 220;000002434;;;;
Test-BSN 221;000002446;;;;
Test-BSN 222;000002458;;;;
Test-BSN 223;000002471;;;;
Test-BSN 224;000002483;;;;
Test-BSN 225;000002495;;;;
Test-BSN 226;000002501;;;;
Test-BSN 227;000002513;;;;
Test-BSN 228;000002525;;;;
Test-BSN 229;000002537;;;;
Test-BSN 230;000002549;;;;
Test-BSN 231;000002550;;;;
Test-BSN 232;000002562;;;;
Test-BSN 233;000002574;;;;
Test-BSN 234;000002586;;;;
Test-BSN 235;000002598;;;;
Test-BSN 236;000002604;;;;
Test-BSN 237;000002616;;;;
Test-BSN 238;000002628;;;;
Test-BSN 239;000002641;;;;
Test-BSN 240;000002653;;;;
Test-BSN 241;000002665;;;;
Test-BSN 242;000002677;;;;
Test-BSN 243;000002689;;;;
Test-BSN 244;000002690;;;;
Test-BSN 245;000002707;;;;
Test-BSN 246;000002719;;;;
Test-BSN 247;000002720;;;;
Test-BSN 248;000002732;;;;
Test-BSN 249;000002744;;;;
Test-BSN 250;000002756;;;;
Test-BSN 251;000002768;;;;
Test-BSN 252;000002781;;;;
Test-BSN 253;000002793;;;;
Test-BSN 254;000002811;;;;
Test-BSN 255;000002823;;;;
Test-BSN 256;000002835;;;;
Test-BSN 257;000002847;;;;
Test-BSN 258;000002859;;;;
Test-BSN 259;000002860;;;;
Test-BSN 260;000002872;;;;
Test-BSN 261;000002884;;;;
Test-BSN 262;000002896;;;;
Test-BSN 263;000002902;;;;
Test-BSN 264;000002914;;;;
Test-BSN 265;000002926;;;;
Test-BSN 266;000002938;;;;
Test-BSN 267;000002951;;;;
Test-BSN 268;000002963;;;;
Test-BSN 269;000002975;;;;
Test-BSN 270;000002987;;;;
Test-BSN 271;000002999;;;;
Test-BSN 272;000003001;;;;
Test-BSN 273;000003013;;;;
Test-BSN 274;000003025;;;;
Test-BSN 275;000003037;;;;
Test-BSN 276;000003049;;;;
Test-BSN 277;000003050;;;;
Test-BSN 278;000003062;;;;
Test-BSN 279;000003074;;;;
Test-BSN 280;000003086;;;;
Test-BSN 281;000003098;;;;
Test-BSN 282;000003104;;;;
Test-BSN 283;000003116;;;;
Test-BSN 284;000003128;;;;
Test-BSN 285;000003141;;;;
Test-BSN 286;000003153;;;;
Test-BSN 287;000003165;;;;
Test-BSN 288;000003177;;;;
Test-BSN 289;000003189;;;;
Test-BSN 290;000003190;;;;
Test-BSN 291;000003207;;;;
Test-BSN 292;000003219;;;;
Test-BSN 293;000003220;;;;
Test-BSN 294;000003232;;;;
Test-BSN 295;000003244;;;;
Test-BSN 296;000003256;;;;
Test-BSN 297;000003268;;;;
Test-BSN 298;000003281;;;;
Test-BSN 299;000003293;;;;
Test-BSN 300;000003311;;;;
Test-BSN 301;000003323;;;;
Test-BSN 302;000003335;;;;
Test-BSN 303;000003347;;;;
Test-BSN 304;000003359;;;;
Test-BSN 305;000003360;;;;
Test-BSN 306;000003372;;;;
Test-BSN 307;000003384;;;;
Test-BSN 308;000003396;;;;
Test-BSN 309;000003402;;;;
Test-BSN 310;000003414;;;;
Test-BSN 311;000003426;;;;
Test-BSN 312;000003438;;;;
Test-BSN 313;000003451;;;;
Test-BSN 314;000003463;;;;
Test-BSN 315;000003475;;;;
Test-BSN 316;000003487;;;;
Test-BSN 317;000003499;;;;
Test-BSN 318;000003505;;;;
Test-BSN 319;000003517;;;;
Test-BSN 320;000003529;;;;
Test-BSN 321;000003530;;;;
Test-BSN 322;000003542;;;;
Test-BSN 323;000003554;;;;
Test-BSN 324;000003566;;;;
Test-BSN 325;000003578;;;;
Test-BSN 326;000003591;;;;
Test-BSN 327;000003608;;;;
Test-BSN 328;000003621;;;;
Test-BSN 329;000003633;;;;
Test-BSN 330;000003645;;;;
Test-BSN 331;000003657;;;;
Test-BSN 332;000003669;;;;
Test-BSN 333;000003670;;;;
Test-BSN 334;000003682;;;;
Test-BSN 335;000003694;;;;
Test-BSN 336;000003700;;;;
Test-BSN 337;000003712;;;;
Test-BSN 338;000003724;;;;
Test-BSN 339;000003736;;;;
Test-BSN 340;000003748;;;;
Test-BSN 341;000003761;;;;
Test-BSN 342;000003773;;;;
Test-BSN 343;000003785;;;;
Test-BSN 344;000003797;;;;
Test-BSN 345;000003803;;;;
Test-BSN 346;000003815;;;;
Test-BSN 347;000003827;;;;
Test-BSN 348;000003839;;;;
Test-BSN 349;000003840;;;;
Test-BSN 350;000003852;;;;
Test-BSN 351;000003864;;;;
Test-BSN 352;000003876;;;;
Test-BSN 353;000003888;;;;
Test-BSN 354;000003906;;;;
Test-BSN 355;000003918;;;;
Test-BSN 356;000003931;;;;
Test-BSN 357;000003943;;;;
Test-BSN 358;000003955;;;;
Test-BSN 359;000003967;;;;
Test-BSN 360;000003979;;;;
Test-BSN 361;000003980;;;;
Test-BSN 362;000003992;;;;
Test-BSN 363;000004005;;;;
Test-BSN 364;000004017;;;;
Test-BSN 365;000004029;;;;
Test-BSN 366;000004030;;;;
Test-BSN 367;000004042;;;;
Test-BSN 368;000004054;;;;
Test-BSN 369;000004066;;;;
Test-BSN 370;000004078;;;;
Test-BSN 371;000004091;;;;
Test-BSN 372;000004108;;;;
Test-BSN 373;000004121;;;;
Test-BSN 374;000004133;;;;
Test-BSN 375;000004145;;;;
Test-BSN 376;000004157;;;;
Test-BSN 377;000004169;;;;
Test-BSN 378;000004170;;;;
Test-BSN 379;000004182;;;;
Test-BSN 380;000004194;;;;
Test-BSN 381;000004200;;;;
Test-BSN 382;000004212;;;;
Test-BSN 383;000004224;;;;
Test-BSN 384;000004236;;;;
Test-BSN 385;000004248;;;;
Test-BSN 386;000004261;;;;
Test-BSN 387;000004273;;;;
Test-BSN 388;000004285;;;;
Test-BSN 389;000004297;;;;
Test-BSN 390;000004303;;;;
Test-BSN 391;000004315;;;;
Test-BSN 392;000004327;;;;
Test-BSN 393;000004339;;;;
Test-BSN 394;000004340;;;;
Test-BSN 395;000004352;;;;
Test-BSN 396;000004364;;;;
Test-BSN 397;000004376;;;;
Test-BSN 398;000004388;;;;
Test-BSN 399;000004406;;;;
Test-BSN 400;000004418;;;;
Test-BSN 401;000004431;;;;
Test-BSN 402;000004443;;;;
Test-BSN 403;000004455;;;;
Test-BSN 404;000004467;;;;
Test-BSN 405;000004479;;;;
Test-BSN 406;000004480;;;;
Test-BSN 407;000004492;;;;
Test-BSN 408;000004509;;;;
Test-BSN 409;000004510;;;;
Test-BSN 410;000004522;;;;
Test-BSN 411;000004534;;;;
Test-BSN 412;000004546;;;;
Test-BSN 413;000004558;;;;
Test-BSN 414;000004571;;;;
Test-BSN 415;000004583;;;;
Test-BSN 416;000004595;;;;
Test-BSN 417;000004601;;;;
Test-BSN 418;000004613;;;;
Test-BSN 419;000004625;;;;
Test-BSN 420;000004637;;;;
Test-BSN 421;000004649;;;;
Test-BSN 422;000004650;;;;
Test-BSN 423;000004662;;;;
Test-BSN 424;000004674;;;;
Test-BSN 425;000004686;;;;
Test-BSN 426;000004698;;;;
Test-BSN 427;000004704;;;;
Test-BSN 428;000004716;;;;
Test-BSN 429;000004728;;;;
Test-BSN 430;000004741;;;;
Test-BSN 431;000004753;;;;
Test-BSN 432;000004765;;;;
Test-BSN 433;000004777;;;;
Test-BSN 434;000004789;;;;
Test-BSN 435;000004790;;;;
Test-BSN 436;000004807;;;;
Test-BSN 437;000004819;;;;
Test-BSN 438;000004820;;;;
Test-BSN 439;000004832;;;;
Test-BSN 440;000004844;;;;
Test-BSN 441;000004856;;;;
Test-BSN 442;000004868;;;;
Test-BSN 443;000004881;;;;
Test-BSN 444;000004893;;;;
Test-BSN 445;000004911;;;;
Test-BSN 446;000004923;;;;
Test-BSN 447;000004935;;;;
Test-BSN 448;000004947;;;;
Test-BSN 449;000004959;;;;
Test-BSN 450;000004960;;;;
Test-BSN 451;000004972;;;;
Test-BSN 452;000004984;;;;
Test-BSN 453;000004996;;;;
Test-BSN 454;000005009;;;;
Test-BSN 455;000005010;;;;
Test-BSN 456;000005022;;;;
Test-BSN 457;000005034;;;;
Test-BSN 458;000005046;;;;
Test-BSN 459;000005058;;;;
Test-BSN 460;000005071;;;;
Test-BSN 461;000005083;;;;
Test-BSN 462;000005095;;;;
Test-BSN 463;000005101;;;;
Test-BSN 464;000005113;;;;
Test-BSN 465;000005125;;;;
Test-BSN 466;000005137;;;;
Test-BSN 467;000005149;;;;
Test-BSN 468;000005150;;;;
Test-BSN 469;000005162;;;;
Test-BSN 470;000005174;;;;
Test-BSN 471;000005186;;;;
Test-BSN 472;000005198;;;;
Test-BSN 473;000005204;;;;
Test-BSN 474;000005216;;;;
Test-BSN 475;000005228;;;;
Test-BSN 476;000005241;;;;
Test-BSN 477;000005253;;;;
Test-BSN 478;000005265;;;;
Test-BSN 479;000005277;;;;
Test-BSN 480;000005289;;;;
Test-BSN 481;000005290;;;;
Test-BSN 482;000005307;;;;
Test-BSN 483;000005319;;;;
Test-BSN 484;000005320;;;;
Test-BSN 485;000005332;;;;
Test-BSN 486;000005344;;;;
Test-BSN 487;000005356;;;;
Test-BSN 488;000005368;;;;
Test-BSN 489;000005381;;;;
Test-BSN 490;000005393;;;;
Test-BSN 491;000005411;;;;
Test-BSN 492;000005423;;;;
Test-BSN 493;000005435;;;;
Test-BSN 494;000005447;;;;
Test-BSN 495;000005459;;;;
Test-BSN 496;000005460;;;;
Test-BSN 497;000005472;;;;
Test-BSN 498;000005484;;;;
Test-BSN 499;000005496;;;;
Test-BSN 500;000005502;;;;
Test-BSN 501;000005514;;;;
Test-BSN 502;000005526;;;;
Test-BSN 503;000005538;;;;
Test-BSN 504;000005551;;;;
Test-BSN 505;000005563;;;;
Test-BSN 506;000005575;;;;
Test-BSN 507;000005587;;;;
Test-BSN 508;000005599;;;;
Test-BSN 509;000005605;;;;
Test-BSN 510;000005617;;;;
Test-BSN 511;000005629;;;;
Test-BSN 512;000005630;;;;
Test-BSN 513;000005642;;;;
Test-BSN 514;000005654;;;;
Test-BSN 515;000005666;;;;
Test-BSN 516;000005678;;;;
Test-BSN 517;000005691;;;;
Test-BSN 518;000005708;;;;
Test-BSN 519;000005721;;;;
Test-BSN 520;000005733;;;;
Test-BSN 521;000005745;;;;
Test-BSN 522;000005757;;;;
Test-BSN 523;000005769;;;;
Test-BSN 524;000005770;;;;
Test-BSN 525;000005782;;;;
Test-BSN 526;000005794;;;;
Test-BSN 527;000005800;;;;
Test-BSN 528;000005812;;;;
Test-BSN 529;000005824;;;;
Test-BSN 530;000005836;;;;
Test-BSN 531;000005848;;;;
Test-BSN 532;000005861;;;;
Test-BSN 533;000005873;;;;
Test-BSN 534;000005885;;;;
Test-BSN 535;000005897;;;;
Test-BSN 536;000005903;;;;
Test-BSN 537;000005915;;;;
Test-BSN 538;000005927;;;;
Test-BSN 539;000005939;;;;
Test-BSN 540;000005940;;;;
Test-BSN 541;000005952;;;;
Test-BSN 542;000005964;;;;
Test-BSN 543;000005976;;;;
Test-BSN 544;000005988;;;;
Test-BSN 545;000006002;;;;
Test-BSN 546;000006014;;;;
Test-BSN 547;000006026;;;;
Test-BSN 548;000006038;;;;
Test-BSN 549;000006051;;;;
Test-BSN 550;000006063;;;;
Test-BSN 551;000006075;;;;
Test-BSN 552;000006087;;;;
Test-BSN 553;000006099;;;;
Test-BSN 554;000006105;;;;
Test-BSN 555;000006117;;;;
Test-BSN 556;000006129;;;;
Test-BSN 557;000006130;;;;
Test-BSN 558;000006142;;;;
Test-BSN 559;000006154;;;;
Test-BSN 560;000006166;;;;
Test-BSN 561;000006178;;;;
Test-BSN 562;000006191;;;;
Test-BSN 563;000006208;;;;
Test-BSN 564;000006221;;;;
Test-BSN 565;000006233;;;;
Test-BSN 566;000006245;;;;
Test-BSN 567;000006257;;;;
Test-BSN 568;000006269;;;;
Test-BSN 569;000006270;;;;
Test-BSN 570;000006282;;;;
Test-BSN 571;000006294;;;;
Test-BSN 572;000006300;;;;
Test-BSN 573;000006312;;;;
Test-BSN 574;000006324;;;;
Test-BSN 575;000006336;;;;
Test-BSN 576;000006348;;;;
Test-BSN 577;000006361;;;;
Test-BSN 578;000006373;;;;
Test-BSN 579;000006385;;;;
Test-BSN 580;000006397;;;;
Test-BSN 581;000006403;;;;
Test-BSN 582;000006415;;;;
Test-BSN 583;000006427;;;;
Test-BSN 584;000006439;;;;
Test-BSN 585;000006440;;;;
Test-BSN 586;000006452;;;;
Test-BSN 587;000006464;;;;
Test-BSN 588;000006476;;;;
Test-BSN 589;000006488;;;;
Test-BSN 590;000006506;;;;
Test-BSN 591;000006518;;;;
Test-BSN 592;000006531;;;;
Test-BSN 593;000006543;;;;
Test-BSN 594;000006555;;;;
Test-BSN 595;000006567;;;;
Test-BSN 596;000006579;;;;
Test-BSN 597;000006580;;;;
Test-BSN 598;000006592;;;;
Test-BSN 599;000006609;;;;
Test-BSN 600;000006610;;;;
Test-BSN 601;000006622;;;;
Test-BSN 602;000006634;;;;
Test-BSN 603;000006646;;;;
Test-BSN 604;000006658;;;;
Test-BSN 605;000006671;;;;
Test-BSN 606;000006683;;;;
Test-BSN 607;000006695;;;;
Test-BSN 608;000006701;;;;
Test-BSN 609;000006713;;;;
Test-BSN 610;000006725;;;;
Test-BSN 611;000006737;;;;
Test-BSN 612;000006749;;;;
Test-BSN 613;000006750;;;;
Test-BSN 614;000006762;;;;
Test-BSN 615;000006774;;;;
Test-BSN 616;000006786;;;;
Test-BSN 617;000006798;;;;
Test-BSN 618;000006804;;;;
Test-BSN 619;000006816;;;;
Test-BSN 620;000006828;;;;
Test-BSN 621;000006841;;;;
Test-BSN 622;000006853;;;;
Test-BSN 623;000006865;;;;
Test-BSN 624;000006877;;;;
Test-BSN 625;000006889;;;;
Test-BSN 626;000006890;;;;
Test-BSN 627;000006907;;;;
Test-BSN 628;000006919;;;;
Test-BSN 629;000006920;;;;
Test-BSN 630;000006932;;;;
Test-BSN 631;000006944;;;;
Test-BSN 632;000006956;;;;
Test-BSN 633;000006968;;;;
Test-BSN 634;000006981;;;;
Test-BSN 635;000006993;;;;
Test-BSN 636;000007006;;;;
Test-BSN 637;000007018;;;;
Test-BSN 638;000007031;;;;
Test-BSN 639;000007043;;;;
Test-BSN 640;000007055;;;;
Test-BSN 641;000007067;;;;
Test-BSN 642;000007079;;;;
Test-BSN 643;000007080;;;;
Test-BSN 644;000007092;;;;
Test-BSN 645;000007109;;;;
Test-BSN 646;000007110;;;;
Test-BSN 647;000007122;;;;
Test-BSN 648;000007134;;;;
Test-BSN 649;000007146;;;;
Test-BSN 650;000007158;;;;
Test-BSN 651;000007171;;;;
Test-BSN 652;000007183;;;;
Test-BSN 653;000007195;;;;
Test-BSN 654;000007201;;;;
Test-BSN 655;000007213;;;;
Test-BSN 656;000007225;;;;
Test-BSN 657;000007237;;;;
Test-BSN 658;000007249;;;;
Test-BSN 659;000007250;;;;
Test-BSN 660;000007262;;;;
Test-BSN 661;000007274;;;;
Test-BSN 662;000007286;;;;
Test-BSN 663;000007298;;;;
Test-BSN 664;000007304;;;;
Test-BSN 665;000007316;;;;
Test-BSN 666;000007328;;;;
Test-BSN 667;000007341;;;;
Test-BSN 668;000007353;;;;
Test-BSN 669;000007365;;;;
Test-BSN 670;000007377;;;;
Test-BSN 671;000007389;;;;
Test-BSN 672;000007390;;;;
Test-BSN 673;000007407;;;;
Test-BSN 674;000007419;;;;
Test-BSN 675;000007420;;;;
Test-BSN 676;000007432;;;;
Test-BSN 677;000007444;;;;
Test-BSN 678;000007456;;;;
Test-BSN 679;000007468;;;;
Test-BSN 680;000007481;;;;
Test-BSN 681;000007493;;;;
Test-BSN 682;000007511;;;;
Test-BSN 683;000007523;;;;
Test-BSN 684;000007535;;;;
Test-BSN 685;000007547;;;;
Test-BSN 686;000007559;;;;
Test-BSN 687;000007560;;;;
Test-BSN 688;000007572;;;;
Test-BSN 689;000007584;;;;
Test-BSN 690;000007596;;;;
Test-BSN 691;000007602;;;;
Test-BSN 692;000007614;;;;
Test-BSN 693;000007626;;;;
Test-BSN 694;000007638;;;;
Test-BSN 695;000007651;;;;
Test-BSN 696;000007663;;;;
Test-BSN 697;000007675;;;;
Test-BSN 698;000007687;;;;
Test-BSN 699;000007699;;;;
Test-BSN 700;000007705;;;;
Test-BSN 701;000007717;;;;
Test-BSN 702;000007729;;;;
Test-BSN 703;000007730;;;;
Test-BSN 704;000007742;;;;
Test-BSN 705;000007754;;;;
Test-BSN 706;000007766;;;;
Test-BSN 707;000007778;;;;
Test-BSN 708;000007791;;;;
Test-BSN 709;000007808;;;;
Test-BSN 710;000007821;;;;
Test-BSN 711;000007833;;;;
Test-BSN 712;000007845;;;;
Test-BSN 713;000007857;;;;
Test-BSN 714;000007869;;;;
Test-BSN 715;000007870;;;;
Test-BSN 716;000007882;;;;
Test-BSN 717;000007894;;;;
Test-BSN 718;000007900;;;;
Test-BSN 719;000007912;;;;
Test-BSN 720;000007924;;;;
Test-BSN 721;000007936;;;;
Test-BSN 722;000007948;;;;
Test-BSN 723;000007961;;;;
Test-BSN 724;000007973;;;;
Test-BSN 725;000007985;;;;
Test-BSN 726;000007997;;;;
Test-BSN 727;000008011;;;;
Test-BSN 728;000008023;;;;
Test-BSN 729;000008035;;;;
Test-BSN 730;000008047;;;;
Test-BSN 731;000008059;;;;
Test-BSN 732;000008060;;;;
Test-BSN 733;000008072;;;;
Test-BSN 734;000008084;;;;
Test-BSN 735;000008096;;;;
Test-BSN 736;000008102;;;;
Test-BSN 737;000008114;;;;
Test-BSN 738;000008126;;;;
Test-BSN 739;000008138;;;;
Test-BSN 740;000008151;;;;
Test-BSN 741;000008163;;;;
Test-BSN 742;000008175;;;;
Test-BSN 743;000008187;;;;
Test-BSN 744;000008199;;;;
Test-BSN 745;000008205;;;;
Test-BSN 746;000008217;;;;
Test-BSN 747;000008229;;;;
Test-BSN 748;000008230;;;;
Test-BSN 749;000008242;;;;
Test-BSN 750;000008254;;;;
Test-BSN 751;000008266;;;;
Test-BSN 752;000008278;;;;
Test-BSN 753;000008291;;;;
Test-BSN 754;000008308;;;;
Test-BSN 755;000008321;;;;
Test-BSN 756;000008333;;;;
Test-BSN 757;000008345;;;;
Test-BSN 758;000008357;;;;
Test-BSN 759;000008369;;;;
Test-BSN 760;000008370;;;;
Test-BSN 761;000008382;;;;
Test-BSN 762;000008394;;;;
Test-BSN 763;000008400;;;;
Test-BSN 764;000008412;;;;
Test-BSN 765;000008424;;;;
Test-BSN 766;000008436;;;;
Test-BSN 767;000008448;;;;
Test-BSN 768;000008461;;;;
Test-BSN 769;000008473;;;;
Test-BSN 770;000008485;;;;
Test-BSN 771;000008497;;;;
Test-BSN 772;000008503;;;;
Test-BSN 773;000008515;;;;
Test-BSN 774;000008527;;;;
Test-BSN 775;000008539;;;;
Test-BSN 776;000008540;;;;
Test-BSN 777;000008552;;;;
Test-BSN 778;000008564;;;;
Test-BSN 779;000008576;;;;
Test-BSN 780;000008588;;;;
Test-BSN 781;000008606;;;;
Test-BSN 782;000008618;;;;
Test-BSN 783;000008631;;;;
Test-BSN 784;000008643;;;;
Test-BSN 785;000008655;;;;
Test-BSN 786;000008667;;;;
Test-BSN 787;000008679;;;;
Test-BSN 788;000008680;;;;
Test-BSN 789;000008692;;;;
Test-BSN 790;000008709;;;;
Test-BSN 791;000008710;;;;
Test-BSN 792;000008722;;;;
Test-BSN 793;000008734;;;;
Test-BSN 794;000008746;;;;
Test-BSN 795;000008758;;;;
Test-BSN 796;000008771;;;;
Test-BSN 797;000008783;;;;
Test-BSN 798;000008795;;;;
Test-BSN 799;000008801;;;;
Test-BSN 800;000008813;;;;
Test-BSN 801;000008825;;;;
Test-BSN 802;000008837;;;;
Test-BSN 803;000008849;;;;
Test-BSN 804;000008850;;;;
Test-BSN 805;000008862;;;;
Test-BSN 806;000008874;;;;
Test-BSN 807;000008886;;;;
Test-BSN 808;000008898;;;;
Test-BSN 809;000008904;;;;
Test-BSN 810;000008916;;;;
Test-BSN 811;000008928;;;;
Test-BSN 812;000008941;;;;
Test-BSN 813;000008953;;;;
Test-BSN 814;000008965;;;;
Test-BSN 815;000008977;;;;
Test-BSN 816;000008989;;;;
Test-BSN 817;000008990;;;;
Test-BSN 818;000009003;;;;
Test-BSN 819;000009015;;;;
Test-BSN 820;000009027;;;;
Test-BSN 821;000009039;;;;
Test-BSN 822;000009040;;;;
Test-BSN 823;000009052;;;;
Test-BSN 824;000009064;;;;
Test-BSN 825;000009076;;;;
Test-BSN 826;000009088;;;;
Test-BSN 827;000009106;;;;
Test-BSN 828;000009118;;;;
Test-BSN 829;000009131;;;;
Test-BSN 830;000009143;;;;
Test-BSN 831;000009155;;;;
Test-BSN 832;000009167;;;;
Test-BSN 833;000009179;;;;
Test-BSN 834;000009180;;;;
Test-BSN 835;000009192;;;;
Test-BSN 836;000009209;;;;
Test-BSN 837;000009210;;;;
Test-BSN 838;000009222;;;;
Test-BSN 839;000009234;;;;
Test-BSN 840;000009246;;;;
Test-BSN 841;000009258;;;;
Test-BSN 842;000009271;;;;
Test-BSN 843;000009283;;;;
Test-BSN 844;000009295;;;;
Test-BSN 845;000009301;;;;
Test-BSN 846;000009313;;;;
Test-BSN 847;000009325;;;;
Test-BSN 848;000009337;;;;
Test-BSN 849;000009349;;;;
Test-BSN 850;000009350;;;;
Test-BSN 851;000009362;;;;
Test-BSN 852;000009374;;;;
Test-BSN 853;000009386;;;;
Test-BSN 854;000009398;;;;
Test-BSN 855;000009404;;;;
Test-BSN 856;000009416;;;;
Test-BSN 857;000009428;;;;
Test-BSN 858;000009441;;;;
Test-BSN 859;000009453;;;;
Test-BSN 860;000009465;;;;
Test-BSN 861;000009477;;;;
Test-BSN 862;000009489;;;;
Test-BSN 863;000009490;;;;
Test-BSN 864;000009507;;;;
Test-BSN 865;000009519;;;;
Test-BSN 866;000009520;;;;
Test-BSN 867;000009532;;;;
Test-BSN 868;000009544;;;;
Test-BSN 869;000009556;;;;
Test-BSN 870;000009568;;;;
Test-BSN 871;000009581;;;;
Test-BSN 872;000009593;;;;
Test-BSN 873;000009611;;;;
Test-BSN 874;000009623;;;;
Test-BSN 875;000009635;;;;
Test-BSN 876;000009647;;;;
Test-BSN 877;000009659;;;;
Test-BSN 878;000009660;;;;
Test-BSN 879;000009672;;;;
Test-BSN 880;000009684;;;;
Test-BSN 881;000009696;;;;
Test-BSN 882;000009702;;;;
Test-BSN 883;000009714;;;;
Test-BSN 884;000009726;;;;
Test-BSN 885;000009738;;;;
Test-BSN 886;000009751;;;;
Test-BSN 887;000009763;;;;
Test-BSN 888;000009775;;;;
Test-BSN 889;000009787;;;;
Test-BSN 890;000009799;;;;
Test-BSN 891;000009805;;;;
Test-BSN 892;000009817;;;;
Test-BSN 893;000009829;;;;
Test-BSN 894;000009830;697989276;In GBA-V en BVBSN proefomgeving;;
Test-BSN 895;000009842;300110479;In GBA-V en BVBSN proefomgeving;;
Test-BSN 896;000009854;305863927;In GBA-V en BVBSN proefomgeving;;
Test-BSN 897;000009866;111111134;In GBA-V en BVBSN proefomgeving;;
Test-BSN 898;000009878;302979827;In GBA-V en BVBSN proefomgeving;;
Test-BSN 899;000009891;300837938;In GBA-V en BVBSN proefomgeving;BVBSN 20 personen: geboorte + gnaam + geslacht - M, V en O;
Test-BSN 900;000009908;950046590;In GBA-V en BVBSN proefomgeving;;
Test-BSN 901;000009921;308945827;In GBA-V en BVBSN proefomgeving;;
Test-BSN 902;000009933;302857928;In GBA-V en BVBSN proefomgeving;;
Test-BSN 903;000009945;912345615;In GBA-V en BVBSN proefomgeving;;
Test-BSN 904;000009957;042632961;In GBA-V en BVBSN proefomgeving;;
Test-BSN 905;000009969;181651038;In GBA-V en BVBSN proefomgeving;;
Test-BSN 906;000009970;302857837;In GBA-V en BVBSN proefomgeving;;
Test-BSN 907;000009982;301863817;In GBA-V en BVBSN proefomgeving;;
Test-BSN 908;000009994;912345688;In GBA-V en BVBSN proefomgeving;;
Test-BSN 909;010082426;900095155;In GBA-V en BVBSN proefomgeving;"PL met 1 Voorloopnul; 11 proef gemaakt";7-11-2018 gewijzigd
Test-BSN 910;999990019;690018745;In GBA-V en BVBSN proefomgeving;;
Test-BSN 911;999990020;301975917;In GBA-V en BVBSN proefomgeving;;
Test-BSN 912;999990032;465760478;In GBA-V en BVBSN proefomgeving;;
Test-BSN 913;999990044;302871937;In GBA-V en BVBSN proefomgeving;;
Test-BSN 914;999990056;300931918;In GBA-V en BVBSN proefomgeving;;
Test-BSN 915;999990068;304661818;In GBA-V en BVBSN proefomgeving;;
Test-BSN 916;999990081;283133429;In GBA-V en BVBSN proefomgeving;;
Test-BSN 917;999990093;300531928;In GBA-V en BVBSN proefomgeving;;
Test-BSN 918;999990111;282479776;In GBA-V en BVBSN proefomgeving;;
Test-BSN 919;999990123;302933827;In GBA-V en BVBSN proefomgeving;;
Test-BSN 920;999990135;301975838;In GBA-V en BVBSN proefomgeving;;
Test-BSN 921;999990147;309943917;In GBA-V en BVBSN proefomgeving;;
Test-BSN 922;999990159;282078964;In GBA-V en BVBSN proefomgeving;;
Test-BSN 923;999990160;102600004;In GBA-V en BVBSN proefomgeving;;
Test-BSN 924;999990172;187928733;In GBA-V en BVBSN proefomgeving;;
Test-BSN 925;999990184;300635837;In GBA-V en BVBSN proefomgeving;;
Test-BSN 926;999990196;302973837;In GBA-V en BVBSN proefomgeving;;
Test-BSN 927;999990202;123459850;In GBA-V en BVBSN proefomgeving;;
Test-BSN 928;999990214;361728542;In GBA-V en BVBSN proefomgeving;;
Test-BSN 929;999990226;309963928;In GBA-V en BVBSN proefomgeving;;
Test-BSN 930;999990238;212486810;In GBA-V en BVBSN proefomgeving;;
Test-BSN 931;999990251;302941927;In GBA-V en BVBSN proefomgeving;;
Test-BSN 932;999990263;900095222;In GBA-V en BVBSN proefomgeving;;
Test-BSN 933;999990275;300763827;In GBA-V en BVBSN proefomgeving;;
Test-BSN 934;999990287;950053569;In GBA-V en BVBSN proefomgeving;;
Test-BSN 935;999990299;300537918;In GBA-V en BVBSN proefomgeving;;
Test-BSN 936;999990305;301559818;In GBA-V en BVBSN proefomgeving;;
Test-BSN 937;999990317;302953917;In GBA-V en BVBSN proefomgeving;;
Test-BSN 938;999990329;281812731;In GBA-V en BVBSN proefomgeving;;
Test-BSN 939;999990330;201479035;In GBA-V en BVBSN proefomgeving;;
Test-BSN 940;999990342;301867938;In GBA-V en BVBSN proefomgeving;;
Test-BSN 941;999990354;435178489;In GBA-V en BVBSN proefomgeving;;
Test-BSN 942;999990366;300653827;In GBA-V en BVBSN proefomgeving;;
Test-BSN 943;999990378;308847817;In GBA-V en BVBSN proefomgeving;;
Test-BSN 944;999990391;521580353;In GBA-V en BVBSN proefomgeving;;
Test-BSN 945;999990408;690011246;In GBA-V en BVBSN proefomgeving;;
Test-BSN 946;999990421;301945937;In GBA-V en BVBSN proefomgeving;;
Test-BSN 947;999990433;716807348;In GBA-V en BVBSN proefomgeving;;
Test-BSN 948;999990445;900008143;In GBA-V en BVBSN proefomgeving;;
Test-BSN 949;999990457;301541917;In GBA-V en BVBSN proefomgeving;RNI PL;
Test-BSN 950;999990469;780921902;In GBA-V en BVBSN proefomgeving;;
Test-BSN 951;999990470;302935927;In GBA-V en BVBSN proefomgeving;;
Test-BSN 952;999990482;693003789;In GBA-V en BVBSN proefomgeving;;
Test-BSN 953;999990494;690010527;In GBA-V en BVBSN proefomgeving;;
Test-BSN 954;999990500;303937828;In GBA-V en BVBSN proefomgeving;;
Test-BSN 955;999990512;309777938;In GBA-V en BVBSN proefomgeving;;
Test-BSN 956;999990524;000000011;In GBA-V en BVBSN proefomgeving;;
Test-BSN 957;999990536;123460013;In GBA-V en BVBSN proefomgeving;;
Test-BSN 958;999990548;301853927;In GBA-V en BVBSN proefomgeving;;
Test-BSN 959;999990561;698051087;In GBA-V en BVBSN proefomgeving;;
Test-BSN 960;999990573;302869827;In GBA-V en BVBSN proefomgeving;;
Test-BSN 961;999990585;690022116;In GBA-V en BVBSN proefomgeving;;
Test-BSN 962;999990597;302637928;In GBA-V en BVBSN proefomgeving;;
Test-BSN 963;999990603;950046607;In GBA-V en BVBSN proefomgeving;;
Test-BSN 964;999990615;306665827;In GBA-V en BVBSN proefomgeving;;
Test-BSN 965;999990627;585818423;In GBA-V en BVBSN proefomgeving;;
Test-BSN 966;999990639;301837818;In GBA-V en BVBSN proefomgeving;;
Test-BSN 967;999990640;690010394;In GBA-V en BVBSN proefomgeving;;
Test-BSN 968;999990652;847030106;In GBA-V en BVBSN proefomgeving;;
Test-BSN 969;999990664;300777917;In GBA-V en BVBSN proefomgeving;;
Test-BSN 970;999990676;301943928;In GBA-V en BVBSN proefomgeving;;
Test-BSN 971;999990688;300669938;In GBA-V en BVBSN proefomgeving;;
Test-BSN 972;999990706;300757918;In GBA-V en BVBSN proefomgeving;;
Test-BSN 973;999990718;308833818;In GBA-V en BVBSN proefomgeving;;
Test-BSN 974;999990731;200908078;In GBA-V en BVBSN proefomgeving;;
Test-BSN 975;999990743;690024502;In GBA-V en BVBSN proefomgeving;Lang, diakrieten;
Test-BSN 976;999990755;300743828;In GBA-V en BVBSN proefomgeving;;
Test-BSN 977;999990767;-;In GBA-V en BVBSN proefomgeving;;
Test-BSN 978;999990779;187968706;In GBA-V en BVBSN proefomgeving;;
Test-BSN 979;999990780;301969917;In GBA-V en BVBSN proefomgeving;;
Test-BSN 980;999990792;301571818;In GBA-V en BVBSN proefomgeving;;
Test-BSN 981;999990809;123459965;In GBA-V en BVBSN proefomgeving;;
Test-BSN 982;999990810;912345664;In GBA-V en BVBSN proefomgeving;;
Test-BSN 983;999990822;301857817;In GBA-V en BVBSN proefomgeving;;
Test-BSN 984;999990834;950046619;In GBA-V en BVBSN proefomgeving;;
Test-BSN 985;999990846;502097954;In GBA-V en BVBSN proefomgeving;;
Test-BSN 986;999990858;570957588;In GBA-V en BVBSN proefomgeving;;
Test-BSN 987;999990871;302641828;In GBA-V en BVBSN proefomgeving;;
Test-BSN 988;999990883;308963817;In GBA-V en BVBSN proefomgeving;;
Test-BSN 989;999990895;306395848;In GBA-V en BVBSN proefomgeving;;
Test-BSN 990;999990901;141254142;In GBA-V en BVBSN proefomgeving;;
Test-BSN 991;999990913;690582249;In GBA-V en BVBSN proefomgeving;;
Test-BSN 992;999990925;690487575;In GBA-V en BVBSN proefomgeving;;
Test-BSN 993;999990937;690013619;In GBA-V en BVBSN proefomgeving;;
Test-BSN 994;999990949;954516187;In GBA-V en BVBSN proefomgeving;;
Test-BSN 995;999990950;300755818;In GBA-V en BVBSN proefomgeving;;
Test-BSN 996;999990962;302741938;In GBA-V en BVBSN proefomgeving;;
Test-BSN 997;999990974;690015987;In GBA-V en BVBSN proefomgeving;;
Test-BSN 998;999990986;301845918;In GBA-V en BVBSN proefomgeving;;
Test-BSN 999;999990998;302771827;In GBA-V en BVBSN proefomgeving;;
Test-BSN 1000;999991000;690206045;In GBA-V en BVBSN proefomgeving;;
Test-BSN 1001;999991012;200908054;In GBA-V en BVBSN proefomgeving;;
Test-BSN 1002;999991024;690011714;In GBA-V en BVBSN proefomgeving;;
Test-BSN 1003;999991036;300835838;In GBA-V en BVBSN proefomgeving;;
Test-BSN 1004;999991048;300739928;In GBA-V en BVBSN proefomgeving;;
Test-BSN 1005;999991061;308951918;In GBA-V en BVBSN proefomgeving;;
Test-BSN 1006;999991073;301541838;In GBA-V en BVBSN proefomgeving;;
Test-BSN 1007;999991085;309969918;In GBA-V en BVBSN proefomgeving;;
Test-BSN 1008;999991097;300739837;In GBA-V en BVBSN proefomgeving;;
Test-BSN 1009;999991103;123459849;In GBA-V en BVBSN proefomgeving;;
Test-BSN 1010;999991115;300759927;In GBA-V en BVBSN proefomgeving;;
Test-BSN 1011;999991127;690009823;In GBA-V en BVBSN proefomgeving;;
Test-BSN 1012;999991139;111111110;In GBA-V en BVBSN proefomgeving;;
Test-BSN 1013;999991140;300543918;In GBA-V en BVBSN proefomgeving;;
Test-BSN 1014;999991152;200908091;In GBA-V en BVBSN proefomgeving;;
Test-BSN 1015;999991164;301565818;In GBA-V en BVBSN proefomgeving;;
Test-BSN 1016;999991176;049211699;In GBA-V en BVBSN proefomgeving;BVBSN 20 personen: geboorte + gnaam + geslacht - M, V en O;
Test-BSN 1017;999991188;923545943;In GBA-V en BVBSN proefomgeving;;
Test-BSN 1018;999991206;900008167;In GBA-V en BVBSN proefomgeving;;
Test-BSN 1019;999991218;300933927;In GBA-V en BVBSN proefomgeving;;
Test-BSN 1020;999991231;300675938;In GBA-V en BVBSN proefomgeving;;
Test-BSN 1021;999991243;300541818;In GBA-V en BVBSN proefomgeving;;
Test-BSN 1022;999991255;912345652;In GBA-V en BVBSN proefomgeving;;
Test-BSN 1023;999991267;309775917;In GBA-V en BVBSN proefomgeving;;
Test-BSN 1024;999991279;306741817;In GBA-V en BVBSN proefomgeving;;
Test-BSN 1025;999991280;306555827;In GBA-V en BVBSN proefomgeving;;
Test-BSN 1026;999991292;302967837;In GBA-V en BVBSN proefomgeving;;
Test-BSN 1027;999991309;302951817;In GBA-V en BVBSN proefomgeving;;
Test-BSN 1028;999991310;697342189;In GBA-V en BVBSN proefomgeving;;
Test-BSN 1029;999991322;306777927;In GBA-V en BVBSN proefomgeving;;
Test-BSN 1030;999991334;301575927;In GBA-V en BVBSN proefomgeving;;
Test-BSN 1031;999991346;300879817;In GBA-V en BVBSN proefomgeving;;
Test-BSN 1032;999991358;950046577;In GBA-V en BVBSN proefomgeving;;
Test-BSN 1033;999991371;200908133;In GBA-V en BVBSN proefomgeving;;
Test-BSN 1034;999991383;690014053;In GBA-V en BVBSN proefomgeving;;
Test-BSN 1035;999991395;302533928;In GBA-V en BVBSN proefomgeving;;
Test-BSN 1036;999991401;302863928;In GBA-V en BVBSN proefomgeving;;
Test-BSN 1037;999991413;693315908;In GBA-V en BVBSN proefomgeving;;
Test-BSN 1038;999991425;301953818;In GBA-V en BVBSN proefomgeving;;
Test-BSN 1039;999991437;300763918;In GBA-V en BVBSN proefomgeving;;
Test-BSN 1040;999991449;307677837;In GBA-V en BVBSN proefomgeving;;
Test-BSN 1041;999991450;300647827;In GBA-V en BVBSN proefomgeving;;
Test-BSN 1042;999991462;300535818;In GBA-V en BVBSN proefomgeving;;
Test-BSN 1043;999991474;123459941;In GBA-V en BVBSN proefomgeving;;
Test-BSN 1044;999991486;301839827;In GBA-V en BVBSN proefomgeving;;
Test-BSN 1045;999991498;301841937;In GBA-V en BVBSN proefomgeving;;
Test-BSN 1046;999991504;301549928;In GBA-V en BVBSN proefomgeving;RNI PL;
Test-BSN 1047;999991516;302967928;In GBA-V en BVBSN proefomgeving;;
Test-BSN 1048;999991528;666666660;In GBA-V en BVBSN proefomgeving;;
Test-BSN 1049;999991541;301871917;In GBA-V en BVBSN proefomgeving;;
Test-BSN 1050;999991553;783654248;In GBA-V en BVBSN proefomgeving;;
Test-BSN 1051;999991565;123457348;In GBA-V en BVBSN proefomgeving;;
Test-BSN 1052;999991577;690013711;In GBA-V en BVBSN proefomgeving;;
Test-BSN 1053;999991589;301835937;In GBA-V en BVBSN proefomgeving;;
Test-BSN 1054;999991590;301949918;In GBA-V en BVBSN proefomgeving;;
Test-BSN 1055;999991607;300779938;In GBA-V en BVBSN proefomgeving;;
Test-BSN 1056;999991619;123459916;In GBA-V en BVBSN proefomgeving;;
Test-BSN 1057;999991620;123456789;In GBA-V en BVBSN proefomgeving;;
Test-BSN 1058;999991632;690020302;In GBA-V en BVBSN proefomgeving;;
Test-BSN 1059;999991644;303697945;In GBA-V en BVBSN proefomgeving;;
Test-BSN 1060;999991656;690018101;In GBA-V en BVBSN proefomgeving;;
Test-BSN 1061;999991668;690017704;In GBA-V en BVBSN proefomgeving;;
Test-BSN 1062;999991681;747874748;In GBA-V en BVBSN proefomgeving;;
Test-BSN 1063;999991693;690021549;In GBA-V en BVBSN proefomgeving;;
Test-BSN 1064;999991711;690014648;In GBA-V en BVBSN proefomgeving;;
Test-BSN 1065;999991723;302843917;In GBA-V en BVBSN proefomgeving;;
Test-BSN 1066;999991735;302635828;In GBA-V en BVBSN proefomgeving;;
Test-BSN 1067;999991747;610681448;In GBA-V en BVBSN proefomgeving;;
Test-BSN 1068;999991759;983257589;In GBA-V en BVBSN proefomgeving;;
Test-BSN 1069;999991760;301961827;In GBA-V en BVBSN proefomgeving;;
Test-BSN 1070;999991772;302835817;In GBA-V en BVBSN proefomgeving;;
Test-BSN 1071;999991784;690019464;In GBA-V en BVBSN proefomgeving;;
Test-BSN 1072;999991796;308965917;In GBA-V en BVBSN proefomgeving;;
Test-BSN 1073;999991802;900008179;In GBA-V en BVBSN proefomgeving;;
Test-BSN 1074;999991814;302969937;In GBA-V en BVBSN proefomgeving;;
Test-BSN 1075;999991826;113731681;In GBA-V en BVBSN proefomgeving;;
Test-BSN 1076;999991838;017168107;In GBA-V en BVBSN proefomgeving;;
Test-BSN 1077;999991851;300873918;In GBA-V en BVBSN proefomgeving;;
Test-BSN 1078;999991863;912345639;In GBA-V en BVBSN proefomgeving;;
Test-BSN 1079;999991875;900095234;In GBA-V en BVBSN proefomgeving;;
Test-BSN 1080;999991887;300873827;In GBA-V en BVBSN proefomgeving;;
Test-BSN 1081;999991899;200908108;In GBA-V en BVBSN proefomgeving;;
Test-BSN 1082;999991905;300601943;In GBA-V en BVBSN proefomgeving;;
Test-BSN 1083;999991917;216581291;In GBA-V en BVBSN proefomgeving;;
Test-BSN 1084;999991929;300737828;In GBA-V en BVBSN proefomgeving;;
Test-BSN 1085;999991930;300875927;In GBA-V en BVBSN proefomgeving;;
Test-BSN 1086;999991942;301847927;In GBA-V en BVBSN proefomgeving;;
Test-BSN 1087;999991954;300531837;In GBA-V en BVBSN proefomgeving;;
Test-BSN 1088;999991966;300653918;In GBA-V en BVBSN proefomgeving;;
Test-BSN 1089;999991978;301957927;In GBA-V en BVBSN proefomgeving;;
Test-BSN 1090;999991991;300647918;In GBA-V en BVBSN proefomgeving;;
Test-BSN 1091;999992004;695908674;In GBA-V en BVBSN proefomgeving;;
Test-BSN 1092;999992016;303554149;In GBA-V en BVBSN proefomgeving;;
Test-BSN 1093;999992028;302863837;In GBA-V en BVBSN proefomgeving;;
Test-BSN 1094;999992041;900094175;In GBA-V en BVBSN proefomgeving;;
Test-BSN 1095;999992053;200908042;In GBA-V en BVBSN proefomgeving;;
Test-BSN 1096;999992065;690013899;In GBA-V en BVBSN proefomgeving;;
Test-BSN 1097;999992077;111218846;In GBA-V en BVBSN proefomgeving;;
Test-BSN 1098;999992089;690011118;In GBA-V en BVBSN proefomgeving;;
Test-BSN 1099;999992090;698586700;In GBA-V en BVBSN proefomgeving;;
Test-BSN 1100;999992107;690009422;In GBA-V en BVBSN proefomgeving;;
Test-BSN 1101;999992119;010035382;In GBA-V en BVBSN proefomgeving;;
Test-BSN 1102;999992120;690009446;In GBA-V en BVBSN proefomgeving;;
Test-BSN 1103;999992132;123460001;In GBA-V en BVBSN proefomgeving;;
Test-BSN 1104;999992144;690015513;In GBA-V en BVBSN proefomgeving;;
Test-BSN 1105;999992156;900094163;In GBA-V en BVBSN proefomgeving;;
Test-BSN 1106;999992168;302845938;In GBA-V en BVBSN proefomgeving;;
Test-BSN 1107;999992181;302933918;In GBA-V en BVBSN proefomgeving;;
Test-BSN 1108;999992193;302953838;In GBA-V en BVBSN proefomgeving;;
Test-BSN 1109;999992211;950016251;In GBA-V en BVBSN proefomgeving;;
Test-BSN 1110;999992223;300761818;In GBA-V en BVBSN proefomgeving;;
Test-BSN 1111;999992235;300639818;In GBA-V en BVBSN proefomgeving;;
Test-BSN 1112;999992247;300777838;In GBA-V en BVBSN proefomgeving;;
Test-BSN 1113;999992259;302837917;In GBA-V en BVBSN proefomgeving;;
Test-BSN 1114;999992260;308853817;In GBA-V en BVBSN proefomgeving;;
Test-BSN 1115;999992272;300731838;In GBA-V en BVBSN proefomgeving;;
Test-BSN 1116;999992284;707362842;In GBA-V en BVBSN proefomgeving;;
Test-BSN 1117;999992296;300659817;In GBA-V en BVBSN proefomgeving;;
Test-BSN 1118;999992302;690017169;In GBA-V en BVBSN proefomgeving;;
Test-BSN 1119;999992314;302639937;In GBA-V en BVBSN proefomgeving;;
Test-BSN 1120;999992326;690021987;In GBA-V en BVBSN proefomgeving;;
Test-BSN 1121;999992338;302761937;In GBA-V en BVBSN proefomgeving;;
Test-BSN 1122;999992351;302767927;In GBA-V en BVBSN proefomgeving;;
Test-BSN 1123;999992363;301977938;In GBA-V en BVBSN proefomgeving;;
Test-BSN 1124;999992375;300537827;In GBA-V en BVBSN proefomgeving;;
Test-BSN 1125;999992387;300751837;In GBA-V en BVBSN proefomgeving;;
Test-BSN 1126;999992399;123459977;In GBA-V en BVBSN proefomgeving;;
Test-BSN 1127;999992405;464306711;In GBA-V en BVBSN proefomgeving;;
Test-BSN 1128;999992417;690020764;In GBA-V en BVBSN proefomgeving;;
Test-BSN 1129;999992429;690018083;In GBA-V en BVBSN proefomgeving;;
Test-BSN 1130;999992430;302861828;In GBA-V en BVBSN proefomgeving;;
Test-BSN 1131;999992442;300757827;In GBA-V en BVBSN proefomgeving;;
Test-BSN 1132;999992454;238096075;In GBA-V en BVBSN proefomgeving;;
Test-BSN 1133;999992466;299020368;In GBA-V en BVBSN proefomgeving;;
Test-BSN 1134;999992478;690018678;In GBA-V en BVBSN proefomgeving;;
Test-BSN 1135;999992491;123458766;In GBA-V en BVBSN proefomgeving;;
Test-BSN 1136;999992508;300641928;In GBA-V en BVBSN proefomgeving;;
Test-BSN 1137;999992521;917583218;In GBA-V en BVBSN proefomgeving;;
Test-BSN 1138;999992533;690009872;In GBA-V en BVBSN proefomgeving;;
Test-BSN 1139;999992545;300931827;In GBA-V en BVBSN proefomgeving;;
Test-BSN 1140;999992557;300533937;In GBA-V en BVBSN proefomgeving;;
Test-BSN 1141;999992569;302867818;In GBA-V en BVBSN proefomgeving;;
Test-BSN 1142;999992570;307755927;In GBA-V en BVBSN proefomgeving;;
Test-BSN 1143;999992582;690014247;In GBA-V en BVBSN proefomgeving;;
Test-BSN 1144;999992594;300543827;In GBA-V en BVBSN proefomgeving;;
Test-BSN 1145;999992600;309775838;In GBA-V en BVBSN proefomgeving;;
Test-BSN 1146;999992612;300539927;In GBA-V en BVBSN proefomgeving;;
Test-BSN 1147;999992624;570626705;In GBA-V en BVBSN proefomgeving;;
Test-BSN 1148;999992636;690013048;In GBA-V en BVBSN proefomgeving;;
Test-BSN 1149;999992648;690018344;In GBA-V en BVBSN proefomgeving;;
Test-BSN 1150;999992661;306867837;In GBA-V en BVBSN proefomgeving;;
Test-BSN 1151;999992673;301877828;In GBA-V en BVBSN proefomgeving;;
Test-BSN 1152;999992685;300637937;In GBA-V en BVBSN proefomgeving;;
Test-BSN 1153;999992697;690014764;In GBA-V en BVBSN proefomgeving;;
Test-BSN 1154;999992703;301931938;In GBA-V en BVBSN proefomgeving;;
Test-BSN 1155;999992715;900094205;In GBA-V en BVBSN proefomgeving;;
Test-BSN 1156;999992727;912345676;In GBA-V en BVBSN proefomgeving;;
Test-BSN 1157;999992739;300871818;In GBA-V en BVBSN proefomgeving;;
Test-BSN 1158;999992740;690009963;In GBA-V en BVBSN proefomgeving;;
Test-BSN 1159;999992752;300645818;In GBA-V en BVBSN proefomgeving;;
Test-BSN 1160;999992764;300841917;In GBA-V en BVBSN proefomgeving;;
Test-BSN 1161;999992776;092467489;In GBA-V en BVBSN proefomgeving;;
Test-BSN 1162;999992788;302843838;In GBA-V en BVBSN proefomgeving;;
Test-BSN 1163;999992806;111112485;In GBA-V en BVBSN proefomgeving;;
Test-BSN 1164;999992818;300765927;In GBA-V en BVBSN proefomgeving;;
Test-BSN 1165;999992831;307561938;In GBA-V en BVBSN proefomgeving;;
Test-BSN 1166;999992843;690019774;In GBA-V en BVBSN proefomgeving;;
Test-BSN 1167;999992855;301547828;In GBA-V en BVBSN proefomgeving;RNI PL;
Test-BSN 1168;999992867;690020648;In GBA-V en BVBSN proefomgeving;;
Test-BSN 1169;999992879;460240638;In GBA-V en BVBSN proefomgeving;;
Test-BSN 1170;999992880;302975937;In GBA-V en BVBSN proefomgeving;;
Test-BSN 1171;999992892;392706052;In GBA-V en BVBSN proefomgeving;;
Test-BSN 1172;999992909;123460025;In GBA-V en BVBSN proefomgeving;;
Test-BSN 1173;999992910;302759918;In GBA-V en BVBSN proefomgeving;;
Test-BSN 1174;999992922;999999989;In GBA-V en BVBSN proefomgeving;;
Test-BSN 1175;999992934;900008155;In GBA-V en BVBSN proefomgeving;;
Test-BSN 1176;999992946;372023435;In GBA-V en BVBSN proefomgeving;;
Test-BSN 1177;999992958;012345672;In GBA-V en BVBSN proefomgeving;;
Test-BSN 1178;999992971;300733938;In GBA-V en BVBSN proefomgeving;;
Test-BSN 1179;999992983;302859937;In GBA-V en BVBSN proefomgeving;;
Test-BSN 1180;999992995;123459928;In GBA-V en BVBSN proefomgeving;;
Test-BSN 1181;999993008;111111122;In GBA-V en BVBSN proefomgeving;;
Test-BSN 1182;999993021;301973817;In GBA-V en BVBSN proefomgeving;;
Test-BSN 1183;999993033;301533817;In GBA-V en BVBSN proefomgeving;RNI PL;
Test-BSN 1184;999993045;300651818;In GBA-V en BVBSN proefomgeving;;
Test-BSN 1185;999993057;690019841;In GBA-V en BVBSN proefomgeving;;
Test-BSN 1186;999993069;306665918;In GBA-V en BVBSN proefomgeving;;
Test-BSN 1187;999993070;300655927;In GBA-V en BVBSN proefomgeving;;
Test-BSN 1188;999993082;302855828;In GBA-V en BVBSN proefomgeving;;
Test-BSN 1189;999993094;302839938;In GBA-V en BVBSN proefomgeving;;
Test-BSN 1190;999993100;302939817;In GBA-V en BVBSN proefomgeving;;
Test-BSN 1191;999993112;307741928;In GBA-V en BVBSN proefomgeving;;
Test-BSN 1192;999993124;280805743;In GBA-V en BVBSN proefomgeving;;
Test-BSN 1193;999993136;300747937;In GBA-V en BVBSN proefomgeving;;
Test-BSN 1194;999993148;301543938;In GBA-V en BVBSN proefomgeving;;
Test-BSN 1195;999993161;301951937;In GBA-V en BVBSN proefomgeving;;
Test-BSN 1196;999993173;900095192;In GBA-V en BVBSN proefomgeving;;
Test-BSN 1197;999993185;300745837;In GBA-V en BVBSN proefomgeving;;
Test-BSN 1198;999993197;306555918;In GBA-V en BVBSN proefomgeving;;
Test-BSN 1199;999993203;912345627;In GBA-V en BVBSN proefomgeving;;
Test-BSN 1200;999993215;302747928;In GBA-V en BVBSN proefomgeving;;
Test-BSN 1201;999993227;302959828;In GBA-V en BVBSN proefomgeving;;
Test-BSN 1202;999993239;301831828;In GBA-V en BVBSN proefomgeving;;
Test-BSN 1203;999993240;300545927;In GBA-V en BVBSN proefomgeving;;
Test-BSN 1204;999993252;302955938;In GBA-V en BVBSN proefomgeving;;
Test-BSN 1205;999993264;300667838;In GBA-V en BVBSN proefomgeving;;
Test-BSN 1206;999993276;301851918;In GBA-V en BVBSN proefomgeving;;
Test-BSN 1207;999993288;696757710;In GBA-V en BVBSN proefomgeving;Punt (.) als naam;
Test-BSN 1208;999993306;690011064;In GBA-V en BVBSN proefomgeving;;
Test-BSN 1209;999993318;697228113;In GBA-V en BVBSN proefomgeving;Punt (.) als naam;
Test-BSN 1210;999993331;693013278;In GBA-V en BVBSN proefomgeving;Lange naam;
Test-BSN 1211;999993343;912345640;In GBA-V en BVBSN proefomgeving;;
Test-BSN 1212;999993355;191919068;In GBA-V en BVBSN proefomgeving;;
Test-BSN 1213;999993367;301879837;In GBA-V en BVBSN proefomgeving;;
Test-BSN 1214;999993379;389740573;In GBA-V en BVBSN proefomgeving;;
Test-BSN 1215;999993380;300635928;In GBA-V en BVBSN proefomgeving;;
Test-BSN 1216;999993392;301955918;In GBA-V en BVBSN proefomgeving;;
Test-BSN 1217;999993409;304535837;In GBA-V en BVBSN proefomgeving;;
Test-BSN 1218;999993410;301677827;In GBA-V en BVBSN proefomgeving;RNI PL;
Test-BSN 1219;999993422;303777837;In GBA-V en BVBSN proefomgeving;;
Test-BSN 1220;999993434;301677918;In GBA-V en BVBSN proefomgeving;RNI PL;
Test-BSN 1221;999993446;302971828;In GBA-V en BVBSN proefomgeving;;
Test-BSN 1222;999993458;900008180;In GBA-V en BVBSN proefomgeving;;
Test-BSN 1223;999993471;300771927;In GBA-V en BVBSN proefomgeving;;
Test-BSN 1224;999993483;302947917;In GBA-V en BVBSN proefomgeving;;
Test-BSN 1225;999993495;307565828;In GBA-V en BVBSN proefomgeving;;
Test-BSN 1226;999993501;690019968;In GBA-V en BVBSN proefomgeving;;
Test-BSN 1227;999993513;184681777;In GBA-V en BVBSN proefomgeving;;
Test-BSN 1228;999993525;287408164;In GBA-V en BVBSN proefomgeving;;
Test-BSN 1229;999993537;690014612;In GBA-V en BVBSN proefomgeving;;
Test-BSN 1230;999993549;126716705;In GBA-V en BVBSN proefomgeving;;
Test-BSN 1231;999993550;950053533;In GBA-V en BVBSN proefomgeving;;
Test-BSN 1232;999993562;690013449;In GBA-V en BVBSN proefomgeving;;
Test-BSN 1233;999993574;147482203;In GBA-V en BVBSN proefomgeving;;
Test-BSN 1234;999993586;306663818;In GBA-V en BVBSN proefomgeving;;
Test-BSN 1235;999993598;295252510;In GBA-V en BVBSN proefomgeving;;
Test-BSN 1236;999993604;912345603;In GBA-V en BVBSN proefomgeving;;
Test-BSN 1237;999993616;950046589;In GBA-V en BVBSN proefomgeving;;
Test-BSN 1238;999993628;301947818;In GBA-V en BVBSN proefomgeving;;
Test-BSN 1239;999993641;123459990;In GBA-V en BVBSN proefomgeving;;
Test-BSN 1240;999993653;950053570;In GBA-V en BVBSN proefomgeving;;
Test-BSN 1241;999993665;170364045;In GBA-V en BVBSN proefomgeving;;
Test-BSN 1242;999993677;951214767;In GBA-V en BVBSN proefomgeving;;
Test-BSN 1243;999993689;300731917;In GBA-V en BVBSN proefomgeving;;
Test-BSN 1244;999993690;690016578;In GBA-V en BVBSN proefomgeving;;
Test-BSN 1245;999993707;307579918;In GBA-V en BVBSN proefomgeving;;
Test-BSN 1246;999993719;300667917;In GBA-V en BVBSN proefomgeving;;
Test-BSN 1247;999993720;302949938;In GBA-V en BVBSN proefomgeving;;
Test-BSN 1248;999993732;200908169;In GBA-V en BVBSN proefomgeving;;
Test-BSN 1249;999993744;200908157;In GBA-V en BVBSN proefomgeving;;
Test-BSN 1250;999993756;301961918;In GBA-V en BVBSN proefomgeving;;
Test-BSN 1251;999993768;690014508;In GBA-V en BVBSN proefomgeving;;
Test-BSN 1252;999993781;304539818;In GBA-V en BVBSN proefomgeving;;
Test-BSN 1253;999993793;123459898;In GBA-V en BVBSN proefomgeving;;
Test-BSN 1254;999993811;690011891;In GBA-V en BVBSN proefomgeving;;
Test-BSN 1255;999993823;300671817;In GBA-V en BVBSN proefomgeving;;
Test-BSN 1256;999993835;129095205;In GBA-V en BVBSN proefomgeving;;
Test-BSN 1257;999993847;300641837;In GBA-V en BVBSN proefomgeving;;
Test-BSN 1258;999993859;301949827;In GBA-V en BVBSN proefomgeving;;
Test-BSN 1259;999993860;690014077;In GBA-V en BVBSN proefomgeving;;
Test-BSN 1260;999993872;309833838;In GBA-V en BVBSN proefomgeving;;
Test-BSN 1261;999993884;301675818;In GBA-V en BVBSN proefomgeving;RNI PL;
Test-BSN 1262;999993896;423250851;In GBA-V en BVBSN proefomgeving;;
Test-BSN 1263;999993902;696463611;In GBA-V en BVBSN proefomgeving;;
Test-BSN 1264;999993914;691453962;In GBA-V en BVBSN proefomgeving;;
Test-BSN 1265;999993926;123459904;In GBA-V en BVBSN proefomgeving;;
Test-BSN 1266;999993938;111001675;In GBA-V en BVBSN proefomgeving;;
Test-BSN 1267;999993951;302851203;In GBA-V en BVBSN proefomgeving;;
Test-BSN 1268;999993963;302961938;In GBA-V en BVBSN proefomgeving;;
Test-BSN 1269;999993975;690014995;In GBA-V en BVBSN proefomgeving;;
Test-BSN 1270;999993987;950053557;In GBA-V en BVBSN proefomgeving;;
Test-BSN 1271;999993999;302849828;In GBA-V en BVBSN proefomgeving;;
Test-BSN 1272;999994001;309937838;In GBA-V en BVBSN proefomgeving;;
Test-BSN 1273;999994013;301963927;In GBA-V en BVBSN proefomgeving;;
Test-BSN 1274;999994025;781072177;In GBA-V en BVBSN proefomgeving;;
Test-BSN 1275;999994037;303777928;In GBA-V en BVBSN proefomgeving;;
Test-BSN 1276;999994049;508364619;In GBA-V en BVBSN proefomgeving;;
Test-BSN 1277;999994050;302965828;In GBA-V en BVBSN proefomgeving;;
Test-BSN 1278;999994062;123459989;In GBA-V en BVBSN proefomgeving;;
Test-BSN 1279;999994074;302739828;In GBA-V en BVBSN proefomgeving;;
Test-BSN 1280;999994086;690023571;In GBA-V en BVBSN proefomgeving;;
Test-BSN 1281;999994098;301549837;In GBA-V en BVBSN proefomgeving;;
Test-BSN 1282;999994104;309579818;In GBA-V en BVBSN proefomgeving;;
Test-BSN 1283;999994116;307779828;In GBA-V en BVBSN proefomgeving;;
Test-BSN 1284;999994128;690024174;In GBA-V en BVBSN proefomgeving;;
Test-BSN 1285;999994141;814859094;In GBA-V en BVBSN proefomgeving;;
Test-BSN 1286;999994153;690015574;In GBA-V en BVBSN proefomgeving;;
Test-BSN 1287;999994165;302831927;In GBA-V en BVBSN proefomgeving;;
Test-BSN 1288;999994177;300665817;In GBA-V en BVBSN proefomgeving;;
Test-BSN 1289;999994189;302841817;In GBA-V en BVBSN proefomgeving;;
Test-BSN 1290;999994190;301845827;In GBA-V en BVBSN proefomgeving;;
Test-BSN 1291;999994207;302873818;In GBA-V en BVBSN proefomgeving;;
Test-BSN 1292;999994219;200908145;In GBA-V en BVBSN proefomgeving;;
Test-BSN 1293;999994220;298281065;In GBA-V en BVBSN proefomgeving;;
Test-BSN 1294;999994232;301873938;In GBA-V en BVBSN proefomgeving;;
Test-BSN 1295;999994244;302637837;In GBA-V en BVBSN proefomgeving;;
Test-BSN 1296;999994256;761582915;In GBA-V en BVBSN proefomgeving;;
Test-BSN 1297;999994268;672320393;In GBA-V en BVBSN proefomgeving;;
Test-BSN 1298;999994281;300661927;In GBA-V en BVBSN proefomgeving;;
Test-BSN 1299;999994293;301851827;In GBA-V en BVBSN proefomgeving;;
Test-BSN 1300;999994311;302543818;In GBA-V en BVBSN proefomgeving;;
Test-BSN 1301;999994323;123459953;In GBA-V en BVBSN proefomgeving;;
Test-BSN 1302;999994335;300633828;In GBA-V en BVBSN proefomgeving;;
Test-BSN 1303;999994347;300769817;In GBA-V en BVBSN proefomgeving;;
Test-BSN 1304;999994359;302973928;In GBA-V en BVBSN proefomgeving;;
Test-BSN 1305;999994360;200908121;In GBA-V en BVBSN proefomgeving;;
Test-BSN 1306;999994372;301535917;In GBA-V en BVBSN proefomgeving;RNI PL;
Test-BSN 1307;999994384;187272414;In GBA-V en BVBSN proefomgeving;;
Test-BSN 1308;999994396;690020508;In GBA-V en BVBSN proefomgeving;;
Test-BSN 1309;999994402;704067833;In GBA-V en BVBSN proefomgeving;;
Test-BSN 1310;999994414;301679927;In GBA-V en BVBSN proefomgeving;;
Test-BSN 1311;999994426;042655286;In GBA-V en BVBSN proefomgeving;;
Test-BSN 1312;999994438;302947838;In GBA-V en BVBSN proefomgeving;;
Test-BSN 1313;999994451;262292750;In GBA-V en BVBSN proefomgeving;;
Test-BSN 1314;999994463;296012968;In GBA-V en BVBSN proefomgeving;;
Test-BSN 1315;999994475;300869927;In GBA-V en BVBSN proefomgeving;;
Test-BSN 1316;999994487;763749734;In GBA-V en BVBSN proefomgeving;;
Test-BSN 1317;999994499;301969838;In GBA-V en BVBSN proefomgeving;;
Test-BSN 1318;999994505;950053545;In GBA-V en BVBSN proefomgeving;;
Test-BSN 1319;999994517;301843818;In GBA-V en BVBSN proefomgeving;;
Test-BSN 1320;999994529;406098359;In GBA-V en BVBSN proefomgeving;;
Test-BSN 1321;999994542;307741837;In GBA-V en BVBSN proefomgeving;;
Test-BSN 1322;999994554;300679828;In GBA-V en BVBSN proefomgeving;;
Test-BSN 1323;999994566;308971917;In GBA-V en BVBSN proefomgeving;;
Test-BSN 1324;999994578;387915151;In GBA-V en BVBSN proefomgeving;;
Test-BSN 1325;999994591;555555550;In GBA-V en BVBSN proefomgeving;;
Test-BSN 1326;999994608;699351649;In GBA-V en BVBSN proefomgeving;;
Test-BSN 1327;999994621;971097392;In GBA-V en BVBSN proefomgeving;;
Test-BSN 1328;999994633;200908066;In GBA-V en BVBSN proefomgeving;;
Test-BSN 1329;999994645;301871838;In GBA-V en BVBSN proefomgeving;;
Test-BSN 1330;999994657;302977818;In GBA-V en BVBSN proefomgeving;;
Test-BSN 1331;999994669;187587504;In GBA-V en BVBSN proefomgeving;;
Test-BSN 1332;999994670;690015483;In GBA-V en BVBSN proefomgeving;;
Test-BSN 1333;999994682;301839918;In GBA-V en BVBSN proefomgeving;;
Test-BSN 1334;999994694;127105086;In GBA-V en BVBSN proefomgeving;;
Test-BSN 1335;999994700;301833928;In GBA-V en BVBSN proefomgeving;;
Test-BSN 1336;999994712;768510338;In GBA-V en BVBSN proefomgeving;;
Test-BSN 1337;999994724;126078919;In GBA-V en BVBSN proefomgeving;;
Test-BSN 1338;999994736;300751928;In GBA-V en BVBSN proefomgeving;;
Test-BSN 1339;999994748;300753937;In GBA-V en BVBSN proefomgeving;;
Test-BSN 1340;999994761;304138368;In GBA-V en BVBSN proefomgeving;;
Test-BSN 1341;999994773;300749818;In GBA-V en BVBSN proefomgeving;;
Test-BSN 1342;999994785;690009264;In GBA-V en BVBSN proefomgeving;;
Test-BSN 1343;999994797;110001229;In GBA-V en BVBSN proefomgeving;;
Test-BSN 1344;999994803;301955827;In GBA-V en BVBSN proefomgeving;;
Test-BSN 1345;999994815;302945817;In GBA-V en BVBSN proefomgeving;;
Test-BSN 1346;999994827;111094203;In GBA-V en BVBSN proefomgeving;;
Test-BSN 1347;999994839;690017753;In GBA-V en BVBSN proefomgeving;;
Test-BSN 1348;999994840;301967817;In GBA-V en BVBSN proefomgeving;;
Test-BSN 1349;999994852;302777817;In GBA-V en BVBSN proefomgeving;;
Test-BSN 1350;999994864;690021756;In GBA-V en BVBSN proefomgeving;;
Test-BSN 1351;999994876;303939837;In GBA-V en BVBSN proefomgeving;;
Test-BSN 1352;999994888;301537938;In GBA-V en BVBSN proefomgeving;RNI PL, diakrieten;
Test-BSN 1353;999994906;535243285;In GBA-V en BVBSN proefomgeving;;
Test-BSN 1354;999994918;300673838;In GBA-V en BVBSN proefomgeving;;
Test-BSN 1355;999994931;690009410;In GBA-V en BVBSN proefomgeving;;
Test-BSN 1356;999994943;900095271;In GBA-V en BVBSN proefomgeving;;
Test-BSN 1357;999994955;302631938;In GBA-V en BVBSN proefomgeving;;
Test-BSN 1358;999994967;300649927;In GBA-V en BVBSN proefomgeving;;
Test-BSN 1359;999994979;306865828;In GBA-V en BVBSN proefomgeving;;
Test-BSN 1360;999994980;305731828;In GBA-V en BVBSN proefomgeving;;
Test-BSN 1361;999994992;346258431;In GBA-V en BVBSN proefomgeving;;
Test-BSN 1362;999995005;502097966;In GBA-V en BVBSN proefomgeving;;
Test-BSN 1363;999995017;300745928;In GBA-V en BVBSN proefomgeving;;
Test-BSN 1364;999995029;304637828;In GBA-V en BVBSN proefomgeving;;
Test-BSN 1365;999995030;900094199;In GBA-V en BVBSN proefomgeving;;
Test-BSN 1366;999995042;302837838;In GBA-V en BVBSN proefomgeving;;
Test-BSN 1367;999995054;302747837;In GBA-V en BVBSN proefomgeving;;
Test-BSN 1368;999995066;301671928;In GBA-V en BVBSN proefomgeving;;
Test-BSN 1369;999995078;301833837;In GBA-V en BVBSN proefomgeving;;
Test-BSN 1370;999995091;690022268;In GBA-V en BVBSN proefomgeving;;
Test-BSN 1371;999995108;262323813;In GBA-V en BVBSN proefomgeving;;
Test-BSN 1372;999995121;300673917;In GBA-V en BVBSN proefomgeving;;
Test-BSN 1373;999995133;123460037;In GBA-V en BVBSN proefomgeving;;
Test-BSN 1374;999995145;161069757;In GBA-V en BVBSN proefomgeving;;
Test-BSN 1375;999995157;690020739;In GBA-V en BVBSN proefomgeving;;
Test-BSN 1376;999995169;739761316;In GBA-V en BVBSN proefomgeving;;
Test-BSN 1377;999995170;306667927;In GBA-V en BVBSN proefomgeving;;
Test-BSN 1378;999995182;308869928;In GBA-V en BVBSN proefomgeving;;
Test-BSN 1379;999995194;859721930;In GBA-V en BVBSN proefomgeving;;
Test-BSN 1380;999995200;690019695;In GBA-V en BVBSN proefomgeving;;
Test-BSN 1381;999995212;690021811;In GBA-V en BVBSN proefomgeving;;
Test-BSN 1382;999995224;300643937;In GBA-V en BVBSN proefomgeving;;
Test-BSN 1383;999995236;300775817;In GBA-V en BVBSN proefomgeving;;
Test-BSN 1384;999995248;690018897;In GBA-V en BVBSN proefomgeving;;
Test-BSN 1385;999995261;690013802;In GBA-V en BVBSN proefomgeving;;
Test-BSN 1386;999995273;-;In GBA-V en BVBSN proefomgeving;"10x 3G voor BSN; precies 10 resultaten";
Test-BSN 1387;999995285;-;In GBA-V en BVBSN proefomgeving;"10x 3G voor BSN; precies 10 resultaten";
Test-BSN 1388;999995297;-;In GBA-V en BVBSN proefomgeving;"10x 3G voor BSN; precies 10 resultaten";
Test-BSN 1389;999995303;-;In GBA-V en BVBSN proefomgeving;"10x 3G voor BSN; precies 10 resultaten";
Test-BSN 1390;999995315;-;In GBA-V en BVBSN proefomgeving;"10x 3G voor BSN; precies 10 resultaten";
Test-BSN 1391;999995327;-;In GBA-V en BVBSN proefomgeving;"10x 3G voor BSN; precies 10 resultaten";
Test-BSN 1392;999995339;-;In GBA-V en BVBSN proefomgeving;"10x 3G voor BSN; precies 10 resultaten";
Test-BSN 1393;999995340;-;In GBA-V en BVBSN proefomgeving;"10x 3G voor BSN; precies 10 resultaten";
Test-BSN 1394;999995352;-;In GBA-V en BVBSN proefomgeving;"10x 3G voor BSN; precies 10 resultaten";
Test-BSN 1395;999995364;-;In GBA-V en BVBSN proefomgeving;"10x 3G voor BSN; precies 10 resultaten";
Test-BSN 1396;999995376;799890868;;AIG keten;
Test-BSN 1397;999995388;799890856;;AIG keten;
Test-BSN 1398;999995406;799890844;;AIG keten;
Test-BSN 1399;999995418;799890832;;AIG keten;
Test-BSN 1400;999995431;799890820;;AIG keten;
Test-BSN 1401;999995443;799890819;;AIG keten;
Test-BSN 1402;999995455;799890790;;AIG keten;
Test-BSN 1403;999995467;799890789;;AIG keten;
Test-BSN 1404;999995479;799890777;;AIG keten;
Test-BSN 1405;999995480;799890765;;AIG keten;
Test-BSN 1406;999995492;799890753;;AIG keten;
Test-BSN 1407;999995509;799890741;;AIG keten;
Test-BSN 1408;999995510;-;In GBA-V en BVBSN proefomgeving;BVBSN 20 personen: geboorte + gnaam + geslacht - M, V en O;7-11-2018 toegevoegd
Test-BSN 1409;999995522;-;In GBA-V en BVBSN proefomgeving;BVBSN 20 personen: geboorte + gnaam + geslacht - M, V en O;7-11-2018 toegevoegd
Test-BSN 1410;999995534;-;In GBA-V en BVBSN proefomgeving;BVBSN 20 personen: geboorte + gnaam + geslacht - M, V en O;7-11-2018 toegevoegd
Test-BSN 1411;999995546;-;In GBA-V en BVBSN proefomgeving;BVBSN 20 personen: geboorte + gnaam + geslacht - M, V en O;7-11-2018 toegevoegd
Test-BSN 1412;999995558;-;In GBA-V en BVBSN proefomgeving;PL met adres Lelystad;10-12-2018 toegevoegd
Test-BSN 1413;999995571;-;In GBA-V en BVBSN proefomgeving;BVBSN 20 personen: geboorte + gnaam + geslacht - M, V en O;7-11-2018 toegevoegd
Test-BSN 1414;999995583;-;In GBA-V en BVBSN proefomgeving;BVBSN 20 personen: geboorte + gnaam + geslacht - M, V en O;7-11-2018 toegevoegd
Test-BSN 1415;999995595;-;In GBA-V en BVBSN proefomgeving;BVBSN 20 personen: geboorte + gnaam + geslacht - M, V en O;7-11-2018 toegevoegd
Test-BSN 1416;999995601;-;In GBA-V en BVBSN proefomgeving;BVBSN 20 personen: geboorte + gnaam + geslacht - M, V en O;15-3-2019 toegevoegd
Test-BSN 1417;999995613;-;In GBA-V en BVBSN proefomgeving;BVBSN 20 personen: geboorte + gnaam + geslacht - M, V en O;7-11-2018 toegevoegd
Test-BSN 1418;999995625;-;In GBA-V en BVBSN proefomgeving;BVBSN 20 personen: geboorte + gnaam + geslacht - M, V en O;7-11-2018 toegevoegd
Test-BSN 1419;999995637;-;In GBA-V en BVBSN proefomgeving;BVBSN 20 personen: geboorte + gnaam + geslacht - M, V en O;7-11-2018 toegevoegd
Test-BSN 1420;999995649;-;In GBA-V en BVBSN proefomgeving;BVBSN 20 personen: geboorte + gnaam + geslacht - M, V en O;7-11-2018 toegevoegd
Test-BSN 1421;999995650;-;In GBA-V en BVBSN proefomgeving;BVBSN 20 personen: geboorte + gnaam + geslacht - M, V en O;7-11-2018 toegevoegd
Test-BSN 1422;999995662;-;In GBA-V en BVBSN proefomgeving;BVBSN 20 personen: geboorte + gnaam + geslacht - M, V en O;7-11-2018 toegevoegd
Test-BSN 1423;999995674;-;In GBA-V en BVBSN proefomgeving;BVBSN 20 personen: geboorte + gnaam + geslacht - M, V en O;7-11-2018 toegevoegd
Test-BSN 1424;999995686;-;In GBA-V en BVBSN proefomgeving;BVBSN 20 personen: geboorte + gnaam + geslacht - M, V en O;7-11-2018 toegevoegd
Test-BSN 1425;999995698;-;In GBA-V en BVBSN proefomgeving;BVBSN 20 personen: geboorte + gnaam + geslacht - M, V en O;7-11-2018 toegevoegd
Test-BSN 1426;999995704;-;In GBA-V en BVBSN proefomgeving;"Albert Meerdantien; bedoeld om melding teveel resultaten te tonen";7-11-2018 toegevoegd
Test-BSN 1427;999995716;-;In GBA-V en BVBSN proefomgeving;"Bernhard Meerdantien; bedoeld om melding teveel resultaten te tonen";7-11-2018 toegevoegd
Test-BSN 1428;999995728;-;In GBA-V en BVBSN proefomgeving;"Carl Meerdantien; bedoeld om melding teveel resultaten te tonen";7-11-2018 toegevoegd
Test-BSN 1429;999995741;-;In GBA-V en BVBSN proefomgeving;"Dennis Meerdantien; bedoeld om melding teveel resultaten te tonen";7-11-2018 toegevoegd
Test-BSN 1430;999995753;-;In GBA-V en BVBSN proefomgeving;"Egbert Meerdantien; bedoeld om melding teveel resultaten te tonen";7-11-2018 toegevoegd
Test-BSN 1431;999995765;-;In GBA-V en BVBSN proefomgeving;"Fred Meerdantien; bedoeld om melding teveel resultaten te tonen";7-11-2018 toegevoegd
Test-BSN 1432;999995777;-;In GBA-V en BVBSN proefomgeving;"Gerrit Meerdantien; bedoeld om melding teveel resultaten te tonen";7-11-2018 toegevoegd
Test-BSN 1433;999995789;-;In GBA-V en BVBSN proefomgeving;"Harry Meerdantien; bedoeld om melding teveel resultaten te tonen";7-11-2018 toegevoegd
Test-BSN 1434;999995790;-;In GBA-V en BVBSN proefomgeving;"Indy Meerdantien; bedoeld om melding teveel resultaten te tonen";7-11-2018 toegevoegd
Test-BSN 1436;999995819;-;In GBA-V en BVBSN proefomgeving;"Jacob Meerdantien; bedoeld om melding teveel resultaten te tonen";7-11-2018 toegevoegd
Test-BSN 1437;999995820;-;In GBA-V en BVBSN proefomgeving;"Karel Meerdantien; bedoeld om melding teveel resultaten te tonen";7-11-2018 toegevoegd
Test-BSN 1435;999995807;-;In GBA-V en BVBSN proefomgeving;Zoey den Braber, jeugdige met historische nationaliteit;18-2-2019 toegevoegd
Test-BSN 1438;999995832;-;In GBA-V en BVBSN proefomgeving;Alexander den Braber, jeugdige met 2 historische nationaliteiten;18-2-2019 toegevoegd
Test-BSN 1439;999995844;-;In GBA-V en BVBSN proefomgeving;PL met geboortedatum 19710000;15-3-2019 toegevoegd
Test-BSN 1440;999995856;-;In GBA-V en BVBSN proefomgeving;PL met geboortedatum 19570900;15-3-2019 toegevoegd
Test-BSN 1441;999995868;-;In GBA-V en BVBSN proefomgeving;PL met geboortedatum 19561000;15-3-2019 toegevoegd
Test-BSN 1442;999995881;-;In GBA-V en BVBSN proefomgeving;PL met geboortedatum 19531100;15-3-2019 toegevoegd
Test-BSN 1443;999995893;-;In GBA-V en BVBSN proefomgeving;PL met geboortedatum 19660013;15-3-2019 toegevoegd
Test-BSN 1444;999995911;-;In GBA-V en BVBSN proefomgeving;PL met adres Midden Assen;15-3-2019 toegevoegd
Test-BSN 1445;999995923;;In GBA-V en BVBSN proefomgeving;UWV Ouders en kinderen geboren in 2019;21-11-2019 toegevoegd
Test-BSN 1446;999995935;;In GBA-V en BVBSN proefomgeving;UWV Ouders en kinderen geboren in 2019;21-11-2019 toegevoegd
Test-BSN 1447;999995947;;In GBA-V en BVBSN proefomgeving;UWV Ouders en kinderen geboren in 2019;21-11-2019 toegevoegd
Test-BSN 1448;999995959;;In GBA-V en BVBSN proefomgeving;UWV Ouders en kinderen geboren in 2019;21-11-2019 toegevoegd
Test-BSN 1449;999995960;;In GBA-V en BVBSN proefomgeving;UWV Ouders en kinderen geboren in 2019;21-11-2019 toegevoegd
Test-BSN 1450;999995972;;In GBA-V en BVBSN proefomgeving;UWV Ouders en kinderen geboren in 2019;21-11-2019 toegevoegd
Test-BSN 1451;999995984;;In GBA-V en BVBSN proefomgeving;UWV Ouders en kinderen geboren in 2019;21-11-2019 toegevoegd
Test-BSN 1452;999995996;;In GBA-V en BVBSN proefomgeving;UWV Ouders en kinderen geboren in 2019;21-11-2019 toegevoegd
Test-BSN 1453;999996009;;In GBA-V en BVBSN proefomgeving;UWV Ouders en kinderen geboren in 2019;21-11-2019 toegevoegd
Test-BSN 1454;999996010;;In GBA-V en BVBSN proefomgeving;UWV Ouders en kinderen geboren in 2019;21-11-2019 toegevoegd
Test-BSN 1455;999996022;;In GBA-V en BVBSN proefomgeving;UWV Ouders en kinderen geboren in 2019;21-11-2019 toegevoegd
Test-BSN 1456;999996034;;In GBA-V en BVBSN proefomgeving;UWV Ouders en kinderen geboren in 2019;21-11-2019 toegevoegd
Test-BSN 1457;999996046;;In GBA-V en BVBSN proefomgeving;UWV Ouders en kinderen geboren in 2019;21-11-2019 toegevoegd
Test-BSN 1458;999996058;;In GBA-V en BVBSN proefomgeving;UWV Ouders en kinderen geboren in 2019;21-11-2019 toegevoegd
Test-BSN 1459;999996071;;In GBA-V en BVBSN proefomgeving;UWV Ouders en kinderen geboren in 2019;21-11-2019 toegevoegd
Test-BSN 1460;999996083;;In GBA-V en BVBSN proefomgeving;UWV Ouders en kinderen geboren in 2019;21-11-2019 toegevoegd
Test-BSN 1461;999996095;;In GBA-V en BVBSN proefomgeving;UWV Ouders en kinderen geboren in 2019;21-11-2019 toegevoegd
Test-BSN 1462;999996101;;In GBA-V en BVBSN proefomgeving;UWV Ouders en kinderen geboren in 2019;21-11-2019 toegevoegd
Test-BSN 1463;999996113;;In GBA-V en BVBSN proefomgeving;UWV Ouders en kinderen geboren in 2019;21-11-2019 toegevoegd
Test-BSN 1464;999996125;;In GBA-V en BVBSN proefomgeving;UWV Ouders en kinderen geboren in 2019;21-11-2019 toegevoegd
Test-BSN 1465;999996137;;In GBA-V en BVBSN proefomgeving;UWV Ouders en kinderen geboren in 2019;21-11-2019 toegevoegd
Test-BSN 1466;999996149;;In GBA-V en BVBSN proefomgeving;UWV Ouders en kinderen geboren in 2019;21-11-2019 toegevoegd
Test-BSN 1467;999996150;;In GBA-V en BVBSN proefomgeving;UWV Ouders en kinderen geboren in 2019;21-11-2019 toegevoegd
Test-BSN 1468;999996162;;In GBA-V en BVBSN proefomgeving;UWV Ouders en kinderen geboren in 2019;21-11-2019 toegevoegd
Test-BSN 1469;999996174;;In GBA-V en BVBSN proefomgeving;UWV Ouders en kinderen geboren in 2019;21-11-2019 toegevoegd
Test-BSN 1470;999996186;;In GBA-V en BVBSN proefomgeving;UWV Ouders en kinderen geboren in 2019;21-11-2019 toegevoegd
Test-BSN 1471;999996198;;In GBA-V en BVBSN proefomgeving;UWV Ouders en kinderen geboren in 2019;21-11-2019 toegevoegd
Test-BSN 1472;999996204;;In GBA-V en BVBSN proefomgeving;UWV Ouders en kinderen geboren in 2019;21-11-2019 toegevoegd
Test-BSN 1473;999996216;;In GBA-V en BVBSN proefomgeving;UWV Ouders en kinderen geboren in 2019;21-11-2019 toegevoegd
Test-BSN 1474;999996228;;In GBA-V en BVBSN proefomgeving;UWV Ouders en kinderen geboren in 2019;21-11-2019 toegevoegd
Test-BSN 1475;999996241;;In GBA-V en BVBSN proefomgeving;UWV Ouders en kinderen geboren in 2019;21-11-2019 toegevoegd
Test-BSN 1476;999996253;;In GBA-V en BVBSN proefomgeving;UWV Ouders en kinderen geboren in 2019;21-11-2019 toegevoegd
Test-BSN 1477;999996265;;In GBA-V en BVBSN proefomgeving;UWV Ouders en kinderen geboren in 2019;21-11-2019 toegevoegd
Test-BSN 1478;999996277;;In GBA-V en BVBSN proefomgeving;UWV Ouders en kinderen geboren in 2019;21-11-2019 toegevoegd
Test-BSN 1479;999996289;;In GBA-V en BVBSN proefomgeving;UWV Ouders en kinderen geboren in 2019;21-11-2019 toegevoegd
Test-BSN 1480;999996290;;In GBA-V en BVBSN proefomgeving;UWV Ouders en kinderen geboren in 2019;21-11-2019 toegevoegd
Test-BSN 1481;999996307;;In GBA-V en BVBSN proefomgeving;UWV Ouders en kinderen geboren in 2019;21-11-2019 toegevoegd
Test-BSN 1482;999996319;;In GBA-V en BVBSN proefomgeving;UWV Ouders en kinderen geboren in 2019;21-11-2019 toegevoegd
Test-BSN 1483;999996320;;In GBA-V en BVBSN proefomgeving;UWV Ouders en kinderen geboren in 2019;21-11-2019 toegevoegd
Test-BSN 1484;999996332;;In GBA-V en BVBSN proefomgeving;UWV Ouders en kinderen geboren in 2019;21-11-2019 toegevoegd
Test-BSN 1485;999996344;;In GBA-V en BVBSN proefomgeving;UWV Ouders en kinderen geboren in 2019;21-11-2019 toegevoegd
Test-BSN 1486;999996356;;In GBA-V en BVBSN proefomgeving;UWV Ouders en kinderen geboren in 2019;21-11-2019 toegevoegd
Test-BSN 1487;999996368;;In GBA-V en BVBSN proefomgeving;UWV Ouders en kinderen geboren in 2019;21-11-2019 toegevoegd
Test-BSN 1488;999996381;;In GBA-V en BVBSN proefomgeving;UWV Ouders en kinderen geboren in 2019;21-11-2019 toegevoegd
Test-BSN 1489;999996393;;In GBA-V en BVBSN proefomgeving;UWV Ouders en kinderen geboren in 2019;21-11-2019 toegevoegd
Test-BSN 1490;999996411;;In GBA-V en BVBSN proefomgeving;UWV Ouders en kinderen geboren in 2019;21-11-2019 toegevoegd
Test-BSN 1491;999996423;;In GBA-V en BVBSN proefomgeving;UWV Ouders en kinderen geboren in 2019;21-11-2019 toegevoegd
Test-BSN 1492;999996435;;In GBA-V en BVBSN proefomgeving;UWV Ouders en kinderen geboren in 2019;21-11-2019 toegevoegd
Test-BSN 1493;999996447;;In GBA-V en BVBSN proefomgeving;UWV Ouders en kinderen geboren in 2019;21-11-2019 toegevoegd
Test-BSN 1494;999996459;;In GBA-V en BVBSN proefomgeving;UWV Ouders en kinderen geboren in 2019;21-11-2019 toegevoegd
Test-BSN 1495;999996460;;In GBA-V en BVBSN proefomgeving;UWV Ouders en kinderen geboren in 2019;21-11-2019 toegevoegd
Test-BSN 1496;999996472;;In GBA-V en BVBSN proefomgeving;UWV Ouders en kinderen geboren in 2019;21-11-2019 toegevoegd
Test-BSN 1497;999996484;;In GBA-V en BVBSN proefomgeving;UWV Ouders en kinderen geboren in 2019;21-11-2019 toegevoegd
Test-BSN 1498;999996496;;In GBA-V en BVBSN proefomgeving;UWV Ouders en kinderen geboren in 2019;21-11-2019 toegevoegd
Test-BSN 1499;999996502;;In GBA-V en BVBSN proefomgeving;UWV Ouders en kinderen geboren in 2019;21-11-2019 toegevoegd
Test-BSN 1500;999996514;;In GBA-V en BVBSN proefomgeving;UWV Ouders en kinderen geboren in 2019;21-11-2019 toegevoegd
Test-BSN 1501;999996526;;In GBA-V en BVBSN proefomgeving;UWV Ouders en kinderen geboren in 2019;21-11-2019 toegevoegd
Test-BSN 1502;999996538;;In GBA-V en BVBSN proefomgeving;UWV Ouders en kinderen geboren in 2019;21-11-2019 toegevoegd
Test-BSN 1503;999996551;;In GBA-V en BVBSN proefomgeving;UWV Ouders en kinderen geboren in 2019;21-11-2019 toegevoegd
Test-BSN 1504;999996563;;In GBA-V en BVBSN proefomgeving;UWV Ouders en kinderen geboren in 2019;21-11-2019 toegevoegd
Test-BSN 1505;999996575;;In GBA-V en BVBSN proefomgeving;UWV Ouders en kinderen geboren in 2019;21-11-2019 toegevoegd
Test-BSN 1506;999996587;;In GBA-V en BVBSN proefomgeving;UWV Ouders en kinderen geboren in 2019;21-11-2019 toegevoegd
Test-BSN 1507;999996599;;In GBA-V en BVBSN proefomgeving;UWV Ouders en kinderen geboren in 2019;21-11-2019 toegevoegd
Test-BSN 1508;999996605;;In GBA-V en BVBSN proefomgeving;UWV Ouders en kinderen geboren in 2019;21-11-2019 toegevoegd
Test-BSN 1509;999996617;;In GBA-V en BVBSN proefomgeving;UWV Ouders en kinderen geboren in 2019;21-11-2019 toegevoegd
Test-BSN 1510;999996629;;In GBA-V en BVBSN proefomgeving;UWV Ouders en kinderen geboren in 2019;21-11-2019 toegevoegd
Test-BSN 1511;999996630;;In GBA-V en BVBSN proefomgeving;UWV Ouders en kinderen geboren in 2019;21-11-2019 toegevoegd
Test-BSN 1512;999996642;;In GBA-V en BVBSN proefomgeving;UWV Ouders en kinderen geboren in 2019;21-11-2019 toegevoegd
Test-BSN 1513;999996654;;In GBA-V en BVBSN proefomgeving;UWV Ouders en kinderen geboren in 2019;21-11-2019 toegevoegd
Test-BSN 1514;999996666;;In GBA-V en BVBSN proefomgeving;UWV Ouders en kinderen geboren in 2019;21-11-2019 toegevoegd
Test-BSN 1515;999996678;;In GBA-V en BVBSN proefomgeving;UWV Ouders en kinderen geboren in 2019;21-11-2019 toegevoegd
Test-BSN 1516;999996691;;In GBA-V en BVBSN proefomgeving;UWV Ouders en kinderen geboren in 2019;21-11-2019 toegevoegd
Test-BSN 1517;999996708;;In GBA-V en BVBSN proefomgeving;UWV Ouders en kinderen geboren in 2019;21-11-2019 toegevoegd
Test-BSN 1518;999996721;;In GBA-V en BVBSN proefomgeving;UWV Ouders en kinderen geboren in 2019;21-11-2019 toegevoegd
Test-BSN 1519;999996733;;In GBA-V en BVBSN proefomgeving;UWV Ouders en kinderen geboren in 2019;21-11-2019 toegevoegd
Test-BSN 1520;999996745;;In GBA-V en BVBSN proefomgeving;UWV Ouders en kinderen geboren in 2019;21-11-2019 toegevoegd
Test-BSN 1521;999996757;;In GBA-V en BVBSN proefomgeving;UWV Ouders en kinderen geboren in 2019;21-11-2019 toegevoegd
Test-BSN 1522;999996769;;In GBA-V en BVBSN proefomgeving;UWV Ouders en kinderen geboren in 2019;21-11-2019 toegevoegd
Test-BSN 1523;999996770;;In GBA-V en BVBSN proefomgeving;Logius - RNI records meerdere nationaliteiten;26-5-2020 toegevoegd
Test-BSN 1524;999996782;;In GBA-V en BVBSN proefomgeving;Logius - RNI records meerdere nationaliteiten;26-5-2020 toegevoegd
Test-BSN 1525;999996794;;In GBA-V en BVBSN proefomgeving;Logius - RNI records meerdere nationaliteiten;26-5-2020 toegevoegd
Test-BSN 1526;999996800;;In GBA-V en BVBSN proefomgeving;Logius - RNI records meerdere nationaliteiten;26-5-2020 toegevoegd
Test-BSN 1527;999996812;;In GBA-V en BVBSN proefomgeving;Logius - RNI records meerdere nationaliteiten;26-5-2020 toegevoegd
Test-BSN 1528;999996824;;In GBA-V en BVBSN proefomgeving;Logius - RNI records meerdere nationaliteiten;26-5-2020 toegevoegd
Test-BSN 1529;999996836;;In GBA-V en BVBSN proefomgeving;Logius - RNI records meerdere nationaliteiten;26-5-2020 toegevoegd
Test-BSN 1530;999996848;;In GBA-V en BVBSN proefomgeving;Logius - RNI records meerdere nationaliteiten;26-5-2020 toegevoegd
Test-BSN 1531;999996861;;In GBA-V en BVBSN proefomgeving;Logius - RNI records meerdere nationaliteiten;26-5-2020 toegevoegd
Test-BSN 1532;999996873;;In GBA-V en BVBSN proefomgeving;Logius - RNI records meerdere nationaliteiten;26-5-2020 toegevoegd
Test-BSN 1533;999996885;;In GBA-V en BVBSN proefomgeving;Logius - RNI records meerdere nationaliteiten;26-5-2020 toegevoegd
Test-BSN 1534;999996897;;In GBA-V en BVBSN proefomgeving;Logius - RNI records meerdere nationaliteiten;26-5-2020 toegevoegd
Test-BSN 1535;999996903;;In GBA-V en BVBSN proefomgeving;Logius - RNI records meerdere nationaliteiten;26-5-2020 toegevoegd
Test-BSN 1536;999996915;;In GBA-V en BVBSN proefomgeving;Logius - RNI records meerdere nationaliteiten;26-5-2020 toegevoegd
Test-BSN 1537;999996927;;In GBA-V en BVBSN proefomgeving;Logius - RNI records meerdere nationaliteiten;26-5-2020 toegevoegd
Test-BSN 1538;999996939;;In GBA-V en BVBSN proefomgeving;Logius - RNI records meerdere nationaliteiten;26-5-2020 toegevoegd
Test-BSN 1539;999996940;;In GBA-V en BVBSN proefomgeving;Logius - RNI records meerdere nationaliteiten;26-5-2020 toegevoegd
Test-BSN 1540;999996952;;In GBA-V en BVBSN proefomgeving;Logius - RNI records meerdere nationaliteiten;26-5-2020 toegevoegd
Test-BSN 1541;999996964;;In GBA-V en BVBSN proefomgeving;Logius - RNI records meerdere nationaliteiten;26-5-2020 toegevoegd
Test-BSN 1542;999996976;;In GBA-V en BVBSN proefomgeving;Logius - RNI records meerdere nationaliteiten;26-5-2020 toegevoegd
Test-BSN 1543;999996988;;In GBA-V en BVBSN proefomgeving;Logius - RNI records meerdere nationaliteiten;26-5-2020 toegevoegd
Test-BSN 1544;999997002;;In GBA-V en BVBSN proefomgeving;Logius - RNI records meerdere nationaliteiten;26-5-2020 toegevoegd
Test-BSN 1545;999997014;;In GBA-V en BVBSN proefomgeving;Logius - RNI records meerdere nationaliteiten;26-5-2020 toegevoegd
Test-BSN 1546;999997026;;In GBA-V en BVBSN proefomgeving;Logius - RNI records meerdere nationaliteiten;26-5-2020 toegevoegd
Test-BSN 1547;999997038;;In GBA-V en BVBSN proefomgeving;Logius - RNI records meerdere nationaliteiten;26-5-2020 toegevoegd
Test-BSN 1548;999997051;;In GBA-V en BVBSN proefomgeving;Logius - RNI records meerdere nationaliteiten;26-5-2020 toegevoegd
Test-BSN 1549;999997063;;In GBA-V en BVBSN proefomgeving;Logius - RNI records meerdere nationaliteiten;26-5-2020 toegevoegd
Test-BSN 1550;999997075;;In GBA-V en BVBSN proefomgeving;Logius - RNI records meerdere nationaliteiten;26-5-2020 toegevoegd
Test-BSN 1551;999997087;;In GBA-V en BVBSN proefomgeving;Logius - RNI records meerdere nationaliteiten;26-5-2020 toegevoegd
Test-BSN 1552;999997099;;In GBA-V en BVBSN proefomgeving;Logius - RNI records meerdere nationaliteiten;26-5-2020 toegevoegd
Test-BSN 1553;999997105;;In GBA-V en BVBSN proefomgeving;Logius - RNI records meerdere nationaliteiten;26-5-2020 toegevoegd
Test-BSN 1554;999997117;;In GBA-V en BVBSN proefomgeving;Logius - RNI records meerdere nationaliteiten;26-5-2020 toegevoegd
Test-BSN 1555;999997129;;In GBA-V en BVBSN proefomgeving;Logius - RNI records meerdere nationaliteiten;26-5-2020 toegevoegd
Test-BSN 1556;999997130;;In GBA-V en BVBSN proefomgeving;Logius - RNI records meerdere nationaliteiten;26-5-2020 toegevoegd
Test-BSN 1557;999997142;;In GBA-V en BVBSN proefomgeving;Logius - RNI records meerdere nationaliteiten;26-5-2020 toegevoegd
Test-BSN 1558;999997154;;In GBA-V en BVBSN proefomgeving;Logius - RNI records meerdere nationaliteiten;26-5-2020 toegevoegd
Test-BSN 1559;999997166;;In GBA-V en BVBSN proefomgeving;Logius - RNI records meerdere nationaliteiten;26-5-2020 toegevoegd
Test-BSN 1560;999997178;;In GBA-V en BVBSN proefomgeving;Logius - RNI records meerdere nationaliteiten;26-5-2020 toegevoegd
Test-BSN 1561;999997191;;In GBA-V en BVBSN proefomgeving;Logius - RNI records meerdere nationaliteiten;26-5-2020 toegevoegd
Test-BSN 1562;999997208;;In GBA-V en BVBSN proefomgeving;Logius - RNI records meerdere nationaliteiten;26-5-2020 toegevoegd
Test-BSN 1563;999997221;;In GBA-V en BVBSN proefomgeving;Logius - RNI records meerdere nationaliteiten;26-5-2020 toegevoegd
Test-BSN 1564;999997233;;In GBA-V en BVBSN proefomgeving;Logius - RNI records meerdere nationaliteiten;26-5-2020 toegevoegd
Test-BSN 1565;999997245;;In GBA-V en BVBSN proefomgeving;Logius - RNI records meerdere nationaliteiten;26-5-2020 toegevoegd
Test-BSN 1566;999997257;;In GBA-V en BVBSN proefomgeving;Logius - RNI records meerdere nationaliteiten;26-5-2020 toegevoegd
Test-BSN 1567;999997269;;In GBA-V en BVBSN proefomgeving;Logius - RNI records meerdere nationaliteiten;26-5-2020 toegevoegd
Test-BSN 1568;999997270;;In GBA-V en BVBSN proefomgeving;Logius - RNI records meerdere nationaliteiten;26-5-2020 toegevoegd
Test-BSN 1569;999997282;;In GBA-V en BVBSN proefomgeving;Logius - RNI records meerdere nationaliteiten;26-5-2020 toegevoegd
Test-BSN 1570;999997294;;In GBA-V en BVBSN proefomgeving;Logius - RNI records meerdere nationaliteiten;26-5-2020 toegevoegd
Test-BSN 1571;999997300;;In GBA-V en BVBSN proefomgeving;Logius - RNI records meerdere nationaliteiten;26-5-2020 toegevoegd
Test-BSN 1572;999997312;;In GBA-V en BVBSN proefomgeving;Logius - RNI records meerdere nationaliteiten;26-5-2020 toegevoegd
Test-BSN 1573;999997324;;In GBA-V en BVBSN proefomgeving;Logius - RNI records meerdere nationaliteiten;26-5-2020 toegevoegd
Test-BSN 1574;999997336;;In GBA-V en BVBSN proefomgeving;Logius - RNI records meerdere nationaliteiten;26-5-2020 toegevoegd
Test-BSN 1575;999997348;;In GBA-V en BVBSN proefomgeving;Logius - RNI records meerdere nationaliteiten;26-5-2020 toegevoegd
Test-BSN 1576;999997361;;In GBA-V en BVBSN proefomgeving;Logius - RNI records meerdere nationaliteiten;26-5-2020 toegevoegd
Test-BSN 1577;999997373;;In GBA-V en BVBSN proefomgeving;Logius - RNI records meerdere nationaliteiten;26-5-2020 toegevoegd
Test-BSN 1578;999997385;;In GBA-V en BVBSN proefomgeving;Logius - RNI records meerdere nationaliteiten;26-5-2020 toegevoegd
Test-BSN 1579;999997397;;In GBA-V en BVBSN proefomgeving;Logius - RNI records meerdere nationaliteiten;26-5-2020 toegevoegd
Test-BSN 1580;999997403;;In GBA-V en BVBSN proefomgeving;Logius - RNI records meerdere nationaliteiten;26-5-2020 toegevoegd
Test-BSN 1581;999997415;;In GBA-V en BVBSN proefomgeving;Logius - RNI records meerdere nationaliteiten;26-5-2020 toegevoegd
Test-BSN 1582;999997427;;In GBA-V en BVBSN proefomgeving;Logius - RNI records meerdere nationaliteiten;26-5-2020 toegevoegd
Test-BSN 1583;999997439;;In GBA-V en BVBSN proefomgeving;Logius - RNI records meerdere nationaliteiten;26-5-2020 toegevoegd
Test-BSN 1584;999997440;;In GBA-V en BVBSN proefomgeving;Logius - RNI records meerdere nationaliteiten;26-5-2020 toegevoegd
Test-BSN 1585;999997452;;In GBA-V en BVBSN proefomgeving;Logius - RNI records meerdere nationaliteiten;26-5-2020 toegevoegd
Test-BSN 1586;999997464;;In GBA-V en BVBSN proefomgeving;Logius - RNI records meerdere nationaliteiten;26-5-2020 toegevoegd
Test-BSN 1587;999997476;;In GBA-V en BVBSN proefomgeving;Logius - RNI records meerdere nationaliteiten;26-5-2020 toegevoegd
Test-BSN 1588;999997488;;In GBA-V en BVBSN proefomgeving;SZW - ICTU Relaties tussen PL-en aangepast en toegevoegd;16-6-2020 toegevoegd
Test-BSN 1589;999997506;;In GBA-V en BVBSN proefomgeving;SZW - ICTU Relaties tussen PL-en aangepast en toegevoegd;16-6-2020 toegevoegd
Test-BSN 1590;999997518;;In GBA-V en BVBSN proefomgeving;SZW - ICTU Relaties tussen PL-en aangepast en toegevoegd;16-6-2020 toegevoegd
Test-BSN 1591;999997531;;In GBA-V en BVBSN proefomgeving;SZW - ICTU Relaties tussen PL-en aangepast en toegevoegd;16-6-2020 toegevoegd
Test-BSN 1592;999997543;;In GBA-V en BVBSN proefomgeving;SZW - ICTU Relaties tussen PL-en aangepast en toegevoegd;16-6-2020 toegevoegd
Test-BSN 1593;999997555;;In GBA-V en BVBSN proefomgeving;SZW - ICTU Relaties tussen PL-en aangepast en toegevoegd;16-6-2020 toegevoegd
Test-BSN 1594;999997567;;In GBA-V en BVBSN proefomgeving;SZW - ICTU Relaties tussen PL-en aangepast en toegevoegd;16-6-2020 toegevoegd
Test-BSN 1595;999997579;;In GBA-V en BVBSN proefomgeving;SZW - ICTU Relaties tussen PL-en aangepast en toegevoegd;16-6-2020 toegevoegd
Test-BSN 1596;999997580;;In GBA-V en BVBSN proefomgeving;SZW - ICTU Relaties tussen PL-en aangepast en toegevoegd;16-6-2020 toegevoegd
Test-BSN 1597;999997592;;In GBA-V en BVBSN proefomgeving;SZW - ICTU Relaties tussen PL-en aangepast en toegevoegd;9-7-2020 toegevoegd
Test-BSN 1598;999997609;;In GBA-V en BVBSN proefomgeving;SZW - ICTU Relaties tussen PL-en aangepast en toegevoegd;9-7-2020 toegevoegd
Test-BSN 1599;999997610;;In GBA-V en BVBSN proefomgeving;SZW - ICTU Relaties tussen PL-en aangepast en toegevoegd;9-7-2020 toegevoegd
Test-BSN 1600;999997622;;In GBA-V en BVBSN proefomgeving;SZW - ICTU Relaties tussen PL-en aangepast en toegevoegd;9-7-2020 toegevoegd
Test-BSN 1601;999997634;;In GBA-V en BVBSN proefomgeving;SZW - ICTU Relaties tussen PL-en aangepast en toegevoegd;3-11-2020 toegevoegd
Test-BSN 1602;999997646;;In GBA-V en BVBSN proefomgeving;SZW - ICTU Relaties tussen PL-en aangepast en toegevoegd;3-11-2020 toegevoegd
Test-BSN 1603;999997658;;In GBA-V en BVBSN proefomgeving;SZW - ICTU Relaties tussen PL-en aangepast en toegevoegd;3-11-2020 toegevoegd
Test-BSN 1604;999997671;;In GBA-V en BVBSN proefomgeving;SZW - ICTU Relaties tussen PL-en aangepast en toegevoegd;3-11-2020 toegevoegd
Test-BSN 1605;999997683;;In GBA-V en BVBSN proefomgeving;SZW - ICTU Relaties tussen PL-en aangepast en toegevoegd;3-11-2020 toegevoegd
Test-BSN 1606;999997695;;In GBA-V en BVBSN proefomgeving;SZW - ICTU Relaties tussen PL-en aangepast en toegevoegd;3-11-2020 toegevoegd
Test-BSN 1607;999997701;;In GBA-V en BVBSN proefomgeving;SZW - ICTU Relaties tussen PL-en aangepast en toegevoegd;3-11-2020 toegevoegd
Test-BSN 1608;999997713;;In GBA-V en BVBSN proefomgeving;SZW - ICTU Relaties tussen PL-en aangepast en toegevoegd;3-11-2020 toegevoegd
Test-BSN 1609;999997725;;In GBA-V en BVBSN proefomgeving;SZW - ICTU Relaties tussen PL-en aangepast en toegevoegd;3-11-2020 toegevoegd
Test-BSN 1610;999997737;;In GBA-V en BVBSN proefomgeving;SZW - ICTU Relaties tussen PL-en aangepast en toegevoegd;3-11-2020 toegevoegd
Test-BSN 1611;999997749;;In GBA-V en BVBSN proefomgeving;SZW - ICTU Relaties tussen PL-en aangepast en toegevoegd;3-11-2020 toegevoegd
Test-BSN 1612;999997750;;In GBA-V en BVBSN proefomgeving;SZW - ICTU Relaties tussen PL-en aangepast en toegevoegd;3-11-2020 toegevoegd
Test-BSN 1613;999997762;;In GBA-V en BVBSN proefomgeving;SZW - ICTU Relaties tussen PL-en aangepast en toegevoegd;3-11-2020 toegevoegd
Test-BSN 1614;999997774;;In GBA-V en BVBSN proefomgeving;SZW - ICTU Relaties tussen PL-en aangepast en toegevoegd;3-11-2020 toegevoegd
Test-BSN 1615;999997786;;In GBA-V en BVBSN proefomgeving;SZW - ICTU Relaties tussen PL-en aangepast en toegevoegd;3-11-2020 toegevoegd
Test-BSN 1616;999997798;;In GBA-V en BVBSN proefomgeving;SZW - ICTU Relaties tussen PL-en aangepast en toegevoegd;3-11-2020 toegevoegd
Test-BSN 1617;999997804;;In GBA-V en BVBSN proefomgeving;SZW - ICTU Relaties tussen PL-en aangepast en toegevoegd;3-11-2020 toegevoegd
Test-BSN 1618;999997816;;In GBA-V en BVBSN proefomgeving;SZW - ICTU Relaties tussen PL-en aangepast en toegevoegd;3-11-2020 toegevoegd
Test-BSN 1619;999997828;;In GBA-V en BVBSN proefomgeving;SZW - ICTU Relaties tussen PL-en aangepast en toegevoegd;3-11-2020 toegevoegd
Test-BSN 1620;999997841;;In GBA-V en BVBSN proefomgeving;SZW - ICTU Relaties tussen PL-en aangepast en toegevoegd;3-11-2020 toegevoegd
Test-BSN 1621;999997853;;In GBA-V en BVBSN proefomgeving;SZW - ICTU Relaties tussen PL-en aangepast en toegevoegd;3-11-2020 toegevoegd
Test-BSN 1622;999997865;;In GBA-V en BVBSN proefomgeving;SZW - ICTU Relaties tussen PL-en aangepast en toegevoegd;3-11-2020 toegevoegd
Test-BSN 1623;999997877;;In GBA-V en BVBSN proefomgeving;SZW - ICTU Relaties tussen PL-en aangepast en toegevoegd;3-11-2020 toegevoegd
Test-BSN 1624;999997889;;In GBA-V en BVBSN proefomgeving;SZW - ICTU Relaties tussen PL-en aangepast en toegevoegd;3-11-2020 toegevoegd
Test-BSN 1625;999997890;;In GBA-V en BVBSN proefomgeving;SZW - ICTU Relaties tussen PL-en aangepast en toegevoegd;3-11-2020 toegevoegd
Test-BSN 1626;999997907;;In GBA-V en BVBSN proefomgeving;SZW - ICTU Relaties tussen PL-en aangepast en toegevoegd;3-11-2020 toegevoegd
Test-BSN 1627;999997919;;In GBA-V en BVBSN proefomgeving;SZW - ICTU Relaties tussen PL-en aangepast en toegevoegd;3-11-2020 toegevoegd
Test-BSN 1628;999997920;;In GBA-V en BVBSN proefomgeving;SZW - ICTU Relaties tussen PL-en aangepast en toegevoegd;3-11-2020 toegevoegd
Test-BSN 1629;999997932;;In GBA-V en BVBSN proefomgeving;SZW - ICTU Relaties tussen PL-en aangepast en toegevoegd;3-11-2020 toegevoegd
Test-BSN 1630;999997944;;In GBA-V en BVBSN proefomgeving;SZW - ICTU Relaties tussen PL-en aangepast en toegevoegd;3-11-2020 toegevoegd
Test-BSN 1631;999997956;;In GBA-V en BVBSN proefomgeving;SZW - ICTU Relaties tussen PL-en aangepast en toegevoegd;3-11-2020 toegevoegd
Test-BSN 1632;999997968;;In GBA-V en BVBSN proefomgeving;SZW - ICTU Relaties tussen PL-en aangepast en toegevoegd;3-11-2020 toegevoegd
Test-BSN 1633;999997981;;In GBA-V en BVBSN proefomgeving;SZW - ICTU Relaties tussen PL-en aangepast en toegevoegd;3-11-2020 toegevoegd
Test-BSN 1634;999997993;;In GBA-V en BVBSN proefomgeving;SZW - ICTU Relaties tussen PL-en aangepast en toegevoegd;3-11-2020 toegevoegd
Test-BSN 1635;999998006;;In GBA-V en BVBSN proefomgeving;SZW - ICTU Relaties tussen PL-en aangepast en toegevoegd;3-11-2020 toegevoegd
Test-BSN 1636;999998018;;In GBA-V en BVBSN proefomgeving;SZW - ICTU Relaties tussen PL-en aangepast en toegevoegd;3-11-2020 toegevoegd
Test-BSN 1637;999998031;;In GBA-V en BVBSN proefomgeving;SZW - ICTU Relaties tussen PL-en aangepast en toegevoegd;3-11-2020 toegevoegd
Test-BSN 1638;999998043;;In GBA-V en BVBSN proefomgeving;SZW - ICTU Relaties tussen PL-en aangepast en toegevoegd;3-11-2020 toegevoegd
Test-BSN 1639;999998055;;In GBA-V en BVBSN proefomgeving;SZW - ICTU Relaties tussen PL-en aangepast en toegevoegd;3-11-2020 toegevoegd
Test-BSN 1640;999998067;;In GBA-V en BVBSN proefomgeving;SZW - ICTU Relaties tussen PL-en aangepast en toegevoegd;3-11-2020 toegevoegd
Test-BSN 1641;999998079;;In GBA-V en BVBSN proefomgeving;SZW - ICTU Relaties tussen PL-en aangepast en toegevoegd;3-11-2020 toegevoegd
Test-BSN 1642;999998080;;In GBA-V en BVBSN proefomgeving;SZW - ICTU Relaties tussen PL-en aangepast en toegevoegd;3-11-2020 toegevoegd
Test-BSN 1643;999998092;;In GBA-V en BVBSN proefomgeving;SZW - ICTU Relaties tussen PL-en aangepast en toegevoegd;3-11-2020 toegevoegd
Test-BSN 1644;999998109;;In GBA-V en BVBSN proefomgeving;SZW - ICTU Relaties tussen PL-en aangepast en toegevoegd;3-11-2020 toegevoegd
Test-BSN 1645;999998110;;In GBA-V en BVBSN proefomgeving;SZW - ICTU Relaties tussen PL-en aangepast en toegevoegd;3-11-2020 toegevoegd
Test-BSN 1646;999998122;;In GBA-V en BVBSN proefomgeving;SZW - ICTU Relaties tussen PL-en aangepast en toegevoegd;3-11-2020 toegevoegd
Test-BSN 1647;999998134;;In GBA-V en BVBSN proefomgeving;SZW - ICTU Relaties tussen PL-en aangepast en toegevoegd;3-11-2020 toegevoegd
Test-BSN 1648;999998146;;In GBA-V en BVBSN proefomgeving;SZW - ICTU Relaties tussen PL-en aangepast en toegevoegd;3-11-2020 toegevoegd
Test-BSN 1649;999998158;;In GBA-V en BVBSN proefomgeving;SZW - ICTU Relaties tussen PL-en aangepast en toegevoegd;3-11-2020 toegevoegd
Test-BSN 1650;999998171;;In GBA-V en BVBSN proefomgeving;SZW - ICTU Relaties tussen PL-en aangepast en toegevoegd;3-11-2020 toegevoegd
Test-BSN 1651;999998183;;In GBA-V en BVBSN proefomgeving;SZW - ICTU Relaties tussen PL-en aangepast en toegevoegd;3-11-2020 toegevoegd
Test-BSN 1652;999998195;;In GBA-V en BVBSN proefomgeving;SZW - ICTU Relaties tussen PL-en aangepast en toegevoegd;3-11-2020 toegevoegd
Test-BSN 1653;999998201;;In GBA-V en BVBSN proefomgeving;SZW - ICTU Relaties tussen PL-en aangepast en toegevoegd;3-11-2020 toegevoegd
Test-BSN 1654;999998213;;In GBA-V en BVBSN proefomgeving;SZW - ICTU Relaties tussen PL-en aangepast en toegevoegd;3-11-2020 toegevoegd
Test-BSN 1655;999998225;;In GBA-V en BVBSN proefomgeving;SZW - ICTU Relaties tussen PL-en aangepast en toegevoegd;3-11-2020 toegevoegd
Test-BSN 1656;999998237;;In GBA-V en BVBSN proefomgeving;SZW - ICTU Relaties tussen PL-en aangepast en toegevoegd;3-11-2020 toegevoegd
Test-BSN 1657;999998249;;In GBA-V en BVBSN proefomgeving;SZW - ICTU Relaties tussen PL-en aangepast en toegevoegd;3-11-2020 toegevoegd
Test-BSN 1658;999998250;;In GBA-V en BVBSN proefomgeving;SZW - ICTU Relaties tussen PL-en aangepast en toegevoegd;3-11-2020 toegevoegd
Test-BSN 1659;999998262;;In GBA-V en BVBSN proefomgeving;SZW - ICTU Relaties tussen PL-en aangepast en toegevoegd;3-11-2020 toegevoegd
Test-BSN 1660;999998274;;In GBA-V en BVBSN proefomgeving;SZW - ICTU Relaties tussen PL-en aangepast en toegevoegd;3-11-2020 toegevoegd
Test-BSN 1661;999998286;;;;
Test-BSN 1662;999998298;;;;
Test-BSN 1663;999998304;;;;
Test-BSN 1664;999998316;;;;
Test-BSN 1665;999998328;;;;
Test-BSN 1666;999998341;;;;
Test-BSN 1667;999998353;;;;
Test-BSN 1668;999998365;;;;
Test-BSN 1669;999998377;;;;
Test-BSN 1670;999998389;;;;
Test-BSN 1671;999998390;;;;
Test-BSN 1672;999998407;;;;
Test-BSN 1673;999998419;;;;
Test-BSN 1674;999998420;;;;
Test-BSN 1675;999998432;;;;
Test-BSN 1676;999998444;;;;
Test-BSN 1677;999998456;;;;
Test-BSN 1678;999998468;;;;
Test-BSN 1679;999998481;;;;
Test-BSN 1680;999998493;;;;
Test-BSN 1681;999998511;;;;
Test-BSN 1682;999998523;;;;
Test-BSN 1683;999998535;;;;
Test-BSN 1684;999998547;;;;
Test-BSN 1685;999998559;;;;
Test-BSN 1686;999998560;;;;
Test-BSN 1687;999998572;;;;
Test-BSN 1688;999998584;;;;
Test-BSN 1689;999998596;;;;
Test-BSN 1690;999998602;;;;
Test-BSN 1691;999998614;;;;
Test-BSN 1692;999998620;;Voldoet niet aan de 11 proef, eventueel gebruiken voor foutsituatie;;
Test-BSN 1693;999998626;;Gereserveerd voor RNI Proefomgeving;;
Test-BSN 1694;999998638;;Gereserveerd voor RNI Proefomgeving;;
Test-BSN 1695;999998651;;Gereserveerd voor RNI Proefomgeving;;
Test-BSN 1696;999998663;;Gereserveerd voor RNI Proefomgeving;;
Test-BSN 1697;999998675;;Gereserveerd voor RNI Proefomgeving;;
Test-BSN 1698;999998687;;Gereserveerd voor RNI Proefomgeving;;
Test-BSN 1699;999998699;;Gereserveerd voor RNI Proefomgeving;;
Test-BSN 1700;999998705;;Gereserveerd voor RNI Proefomgeving;;
Test-BSN 1701;999998717;;Gereserveerd voor RNI Proefomgeving;;
Test-BSN 1702;999998729;;Gereserveerd voor RNI Proefomgeving;;
Test-BSN 1703;999998730;;Gereserveerd voor RNI Proefomgeving;;
Test-BSN 1704;999998742;;Gereserveerd voor RNI Proefomgeving;;
Test-BSN 1705;999998754;;Gereserveerd voor RNI Proefomgeving;;
Test-BSN 1706;999998766;;Gereserveerd voor RNI Proefomgeving;;
Test-BSN 1707;999998778;;Gereserveerd voor RNI Proefomgeving;;
Test-BSN 1708;999998791;;Gereserveerd voor RNI Proefomgeving;;
Test-BSN 1709;999998808;;Gereserveerd voor RNI Proefomgeving;;
Test-BSN 1710;999998821;;Gereserveerd voor RNI Proefomgeving;;
Test-BSN 1711;999998833;;Gereserveerd voor RNI Proefomgeving;;
Test-BSN 1712;999998845;;Gereserveerd voor RNI Proefomgeving;;
Test-BSN 1713;999998857;;Gereserveerd voor RNI Proefomgeving;;
Test-BSN 1714;999998869;;Gereserveerd voor RNI Proefomgeving;;
Test-BSN 1715;999998870;;Gereserveerd voor RNI Proefomgeving;;
Test-BSN 1716;999998882;;Gereserveerd voor RNI Proefomgeving;;
Test-BSN 1717;999998894;;Gereserveerd voor RNI Proefomgeving;;
Test-BSN 1718;999998900;;Gereserveerd voor RNI Proefomgeving;;
Test-BSN 1719;999998912;;Gereserveerd voor RNI Proefomgeving;;
Test-BSN 1720;999998924;;Gereserveerd voor RNI Proefomgeving;;
Test-BSN 1721;999998936;;Gereserveerd voor RNI Proefomgeving;;
Test-BSN 1722;999998948;;Gereserveerd voor RNI Proefomgeving;;
Test-BSN 1723;999998961;;Gereserveerd voor RNI Proefomgeving;;
Test-BSN 1724;999998973;;Gereserveerd voor RNI Proefomgeving;;
Test-BSN 1725;999998985;;Gereserveerd voor RNI Proefomgeving;;
Test-BSN 1726;999999011;;Gereserveerd voor RNI Proefomgeving;;
Test-BSN 1727;999999023;;Gereserveerd voor RNI Proefomgeving;;
Test-BSN 1728;999999035;;Gereserveerd voor RNI Proefomgeving;;
Test-BSN 1729;999999047;;Gereserveerd voor RNI Proefomgeving;;
Test-BSN 1730;999999059;;Gereserveerd voor RNI Proefomgeving;;
Test-BSN 1731;999999060;;Gereserveerd voor RNI Proefomgeving;;
Test-BSN 1732;999999072;;Gereserveerd voor RNI Proefomgeving;;
Test-BSN 1733;999999084;;Gereserveerd voor RNI Proefomgeving;;
Test-BSN 1734;999999096;;Gereserveerd voor RNI Proefomgeving;;
Test-BSN 1735;999999102;;Gereserveerd voor RNI Proefomgeving;;
Test-BSN 1736;999999114;;Gereserveerd voor RNI Proefomgeving;;
Test-BSN 1737;999999126;;Gereserveerd voor RNI Proefomgeving;;
Test-BSN 1738;999999138;;Gereserveerd voor RNI Proefomgeving;;
Test-BSN 1739;999999151;;Gereserveerd voor RNI Proefomgeving;;
Test-BSN 1740;999999163;;Gereserveerd voor RNI Proefomgeving;;
Test-BSN 1741;999999175;;Gereserveerd voor RNI Proefomgeving;;
Test-BSN 1742;999999187;;Gereserveerd voor RNI Proefomgeving;;
Test-BSN 1743;999999199;;Gereserveerd voor RNI Proefomgeving;;
Test-BSN 1744;999999205;;Gereserveerd voor RNI Proefomgeving;;
Test-BSN 1745;999999217;;Gereserveerd voor RNI Proefomgeving;;
Test-BSN 1746;999999229;;Gereserveerd voor RNI Proefomgeving;;
Test-BSN 1747;999999230;;Gereserveerd voor RNI Proefomgeving;;
Test-BSN 1748;999999242;;Gereserveerd voor RNI Proefomgeving;;
Test-BSN 1749;999999254;;Gereserveerd voor RNI Proefomgeving;;
Test-BSN 1750;999999266;;Gereserveerd voor RNI Proefomgeving;;
Test-BSN 1751;999999278;;Gereserveerd voor RNI Proefomgeving;;
Test-BSN 1752;999999291;;Gereserveerd voor RNI Proefomgeving;;
Test-BSN 1753;999999308;;Gereserveerd voor RNI Proefomgeving;;
Test-BSN 1754;999999321;;Gereserveerd voor RNI Proefomgeving;;
Test-BSN 1755;999999333;;Gereserveerd voor RNI Proefomgeving;;
Test-BSN 1756;999999345;;Gereserveerd voor RNI Proefomgeving;;
Test-BSN 1757;999999357;;Gereserveerd voor RNI Proefomgeving;;
Test-BSN 1758;999999369;;Gereserveerd voor RNI Proefomgeving;;
Test-BSN 1759;999999370;;Gereserveerd voor RNI Proefomgeving;;
Test-BSN 1760;999999382;;Gereserveerd voor RNI Proefomgeving;;
Test-BSN 1761;999999394;;Gereserveerd voor RNI Proefomgeving;;
Test-BSN 1762;999999400;;Gereserveerd voor RNI Proefomgeving;;
Test-BSN 1763;999999412;;Gereserveerd voor RNI Proefomgeving;;
Test-BSN 1764;999999424;;Gereserveerd voor RNI Proefomgeving;;
Test-BSN 1765;999999436;;Gereserveerd voor RNI Proefomgeving;;
Test-BSN 1766;999999448;;Gereserveerd voor RNI Proefomgeving;;
Test-BSN 1767;999999461;;Gereserveerd voor RNI Proefomgeving;;
Test-BSN 1768;999999473;;Gereserveerd voor RNI Proefomgeving;;
Test-BSN 1769;999999485;;Gereserveerd voor RNI Proefomgeving;;
Test-BSN 1770;999999497;;Gereserveerd voor RNI Proefomgeving;;
Test-BSN 1771;999999503;;Gereserveerd voor RNI Proefomgeving;;
Test-BSN 1772;999999515;;Gereserveerd voor RNI Proefomgeving;;
Test-BSN 1773;999999527;;Gereserveerd voor RNI Proefomgeving;;
Test-BSN 1774;999999539;;Gereserveerd voor RNI Proefomgeving;;
Test-BSN 1775;999999540;;Gereserveerd voor RNI Proefomgeving;;
Test-BSN 1776;999999552;;Gereserveerd voor RNI Proefomgeving;;
Test-BSN 1777;999999564;;Gereserveerd voor RNI Proefomgeving;;
Test-BSN 1778;999999576;;Gereserveerd voor RNI Proefomgeving;;
Test-BSN 1779;999999588;;Gereserveerd voor RNI Proefomgeving;;
Test-BSN 1780;999999606;;Gereserveerd voor RNI Proefomgeving;;
Test-BSN 1781;999999618;;Gereserveerd voor RNI Proefomgeving;;
Test-BSN 1782;999999631;;Gereserveerd voor RNI Proefomgeving;;
Test-BSN 1783;999999643;;Gereserveerd voor RNI Proefomgeving;;
Test-BSN 1784;999999655;;Gereserveerd voor RNI Proefomgeving;;
Test-BSN 1785;999999667;;Gereserveerd voor RNI Proefomgeving;;
Test-BSN 1786;999999679;;Gereserveerd voor RNI Proefomgeving;;
Test-BSN 1787;999999680;;Gereserveerd voor RNI Proefomgeving;;
Test-BSN 1788;999999692;;Gereserveerd voor RNI Proefomgeving;;
Test-BSN 1789;999999709;;Gereserveerd voor RNI Proefomgeving;;
Test-BSN 1790;999999710;;Gereserveerd voor RNI Proefomgeving;;
Test-BSN 1791;999999722;;Gereserveerd voor RNI Proefomgeving;;
Test-BSN 1792;999999734;;Gereserveerd voor RNI Proefomgeving;;
Test-BSN 1793;999999746;;Gereserveerd voor RNI Proefomgeving;;
Test-BSN 1794;999999758;;Gereserveerd voor RNI Proefomgeving;;
Test-BSN 1795;999999771;;Gereserveerd voor RNI Proefomgeving;;
Test-BSN 1796;999999783;;Gereserveerd voor RNI Proefomgeving;;
Test-BSN 1797;999999795;;Gereserveerd voor RNI Proefomgeving;;
Test-BSN 1798;999999801;;Gereserveerd voor RNI Proefomgeving;;
Test-BSN 1799;999999813;;Gereserveerd voor RNI Proefomgeving;;
Test-BSN 1800;999999825;;Gereserveerd voor RNI Proefomgeving;;
Test-BSN 1801;999999837;;Gereserveerd voor RNI Proefomgeving;;
Test-BSN 1802;999999849;;Gereserveerd voor RNI Proefomgeving;;
Test-BSN 1803;999999850;;Gereserveerd voor RNI Proefomgeving;;
Test-BSN 1804;999999862;;Gereserveerd voor RNI Proefomgeving;;
Test-BSN 1805;999999874;;Gereserveerd voor RNI Proefomgeving;;
Test-BSN 1806;999999886;;Gereserveerd voor RNI Proefomgeving;;
Test-BSN 1807;999999898;;Gereserveerd voor RNI Proefomgeving;;
Test-BSN 1808;999999904;;Gereserveerd voor RNI Proefomgeving;;
Test-BSN 1809;999999916;;Gereserveerd voor RNI Proefomgeving;;
Test-BSN 1810;999999928;;Gereserveerd voor RNI Proefomgeving;;
Test-BSN 1811;999999941;;Gereserveerd voor RNI Proefomgeving;;
Test-BSN 1812;999999953;;Gereserveerd voor RNI Proefomgeving;;
Test-BSN 1813;999999965;;Gereserveerd voor RNI Proefomgeving;;
Test-BSN 1814;999999977;;Gereserveerd voor RNI Proefomgeving;;
Test-BSN 1815;999999989;;Gereserveerd voor RNI Proefomgeving;;
Test-BSN 1816;999999990;-;In gebruik Proefomgeving;Liselotte Willeke de Bruin - testpasje  /specimen;
Test-BSN 1817;799890005;NVT;In gebruik voor het Testdorp tbv Belastingdienst;;
Test-BSN 1818;799890029;NVT;In gebruik voor het Testdorp tbv Belastingdienst;;
Test-BSN 1819;799890030;NVT;In gebruik voor het Testdorp tbv Belastingdienst;;
Test-BSN 1820;799890042;NVT;In gebruik voor het Testdorp tbv Belastingdienst;;
Test-BSN 1821;799890054;NVT;In gebruik voor het Testdorp tbv Belastingdienst;;
Test-BSN 1822;799890066;NVT;In gebruik voor het Testdorp tbv Belastingdienst;;
Test-BSN 1823;799890078;NVT;In gebruik voor het Testdorp tbv Belastingdienst;;
Test-BSN 1824;799890091;NVT;In gebruik voor het Testdorp tbv Belastingdienst;;
Test-BSN 1825;799890108;NVT;In gebruik voor het Testdorp tbv Belastingdienst;;
Test-BSN 1826;799890121;NVT;In gebruik voor het Testdorp tbv Belastingdienst;;
Test-BSN 1827;799890133;NVT;In gebruik voor het Testdorp tbv Belastingdienst;;
Test-BSN 1828;799890145;NVT;In gebruik voor het Testdorp tbv Belastingdienst;;
Test-BSN 1829;799890157;NVT;In gebruik voor het Testdorp tbv Belastingdienst;;
Test-BSN 1830;799890169;NVT;In gebruik voor het Testdorp tbv Belastingdienst;;
Test-BSN 1831;799890170;NVT;In gebruik voor het Testdorp tbv Belastingdienst;;
Test-BSN 1832;799890182;NVT;In gebruik voor het Testdorp tbv Belastingdienst;;
Test-BSN 1833;799890984;NVT;In gebruik voor het Testdorp tbv Belastingdienst;;
Test-BSN 1834;799890972;NVT;In gebruik voor het Testdorp tbv Belastingdienst;;
Test-BSN 1835;799890960;NVT;In gebruik voor het Testdorp tbv Belastingdienst;;
Test-BSN 1836;799890959;NVT;In gebruik voor het Testdorp tbv Belastingdienst;;
Test-BSN 1837;799890947;NVT;In gebruik voor het Testdorp tbv Belastingdienst;;
Test-BSN 1838;799890935;NVT;In gebruik voor het Testdorp tbv Belastingdienst;;
Test-BSN 1839;799890923;NVT;In gebruik voor het Testdorp tbv Belastingdienst;;
Test-BSN 1840;799890911;NVT;In gebruik voor het Testdorp tbv Belastingdienst;;
